číselník,číselník_název_en,položka,položka_kód,položka_název_en,položka_tranzitivně_širší_položka
https://data.mvcr.gov.cz/zdroj/číselníky/ford,Fields of Research and Development classification (FORD) - Frascati manual,https://data.mvcr.gov.cz/zdroj/číselníky/ford/položky/10100,10100,1.1 Mathematics,https://data.mvcr.gov.cz/zdroj/číselníky/ford/položky/10000
https://data.mvcr.gov.cz/zdroj/číselníky/ford,Fields of Research and Development classification (FORD) - Frascati manual,https://data.mvcr.gov.cz/zdroj/číselníky/ford/položky/10200,10200,1.2 Computer and information sciences,https://data.mvcr.gov.cz/zdroj/číselníky/ford/položky/10000
https://data.mvcr.gov.cz/zdroj/číselníky/ford,Fields of Research and Development classification (FORD) - Frascati manual,https://data.mvcr.gov.cz/zdroj/číselníky/ford/položky/10300,10300,1.3 Physical sciences,https://data.mvcr.gov.cz/zdroj/číselníky/ford/položky/10000
https://data.mvcr.gov.cz/zdroj/číselníky/ford,Fields of Research and Development classification (FORD) - Frascati manual,https://data.mvcr.gov.cz/zdroj/číselníky/ford/položky/10400,10400,1.4 Chemical sciences,https://data.mvcr.gov.cz/zdroj/číselníky/ford/položky/10000
https://data.mvcr.gov.cz/zdroj/číselníky/ford,Fields of Research and Development classification (FORD) - Frascati manual,https://data.mvcr.gov.cz/zdroj/číselníky/ford/položky/10500,10500,1.5. Earth and related environmental sciences,https://data.mvcr.gov.cz/zdroj/číselníky/ford/položky/10000
https://data.mvcr.gov.cz/zdroj/číselníky/ford,Fields of Research and Development classification (FORD) - Frascati manual,https://data.mvcr.gov.cz/zdroj/číselníky/ford/položky/10600,10600,1.6 Biological sciences,https://data.mvcr.gov.cz/zdroj/číselníky/ford/položky/10000
https://data.mvcr.gov.cz/zdroj/číselníky/ford,Fields of Research and Development classification (FORD) - Frascati manual,https://data.mvcr.gov.cz/zdroj/číselníky/ford/položky/10700,10700,1.7 Other natural sciences,https://data.mvcr.gov.cz/zdroj/číselníky/ford/položky/10000
https://data.mvcr.gov.cz/zdroj/číselníky/ford,Fields of Research and Development classification (FORD) - Frascati manual,https://data.mvcr.gov.cz/zdroj/číselníky/ford/položky/20100,20100,2.1 Civil engineering,https://data.mvcr.gov.cz/zdroj/číselníky/ford/položky/20000
https://data.mvcr.gov.cz/zdroj/číselníky/ford,Fields of Research and Development classification (FORD) - Frascati manual,https://data.mvcr.gov.cz/zdroj/číselníky/ford/položky/20200,20200,"2.2 Electrical engineering, Electronic engineering, Information engineering",https://data.mvcr.gov.cz/zdroj/číselníky/ford/položky/20000
https://data.mvcr.gov.cz/zdroj/číselníky/ford,Fields of Research and Development classification (FORD) - Frascati manual,https://data.mvcr.gov.cz/zdroj/číselníky/ford/položky/20300,20300,2.3 Mechanical engineering,https://data.mvcr.gov.cz/zdroj/číselníky/ford/položky/20000
https://data.mvcr.gov.cz/zdroj/číselníky/ford,Fields of Research and Development classification (FORD) - Frascati manual,https://data.mvcr.gov.cz/zdroj/číselníky/ford/položky/20400,20400,2.4 Chemical engineering,https://data.mvcr.gov.cz/zdroj/číselníky/ford/položky/20000
https://data.mvcr.gov.cz/zdroj/číselníky/ford,Fields of Research and Development classification (FORD) - Frascati manual,https://data.mvcr.gov.cz/zdroj/číselníky/ford/položky/20500,20500,2.5 Materials engineering,https://data.mvcr.gov.cz/zdroj/číselníky/ford/položky/20000
https://data.mvcr.gov.cz/zdroj/číselníky/ford,Fields of Research and Development classification (FORD) - Frascati manual,https://data.mvcr.gov.cz/zdroj/číselníky/ford/položky/20600,20600,2.6 Medical engineering,https://data.mvcr.gov.cz/zdroj/číselníky/ford/položky/20000
https://data.mvcr.gov.cz/zdroj/číselníky/ford,Fields of Research and Development classification (FORD) - Frascati manual,https://data.mvcr.gov.cz/zdroj/číselníky/ford/položky/20700,20700,2.7 Environmental engineering,https://data.mvcr.gov.cz/zdroj/číselníky/ford/položky/20000
https://data.mvcr.gov.cz/zdroj/číselníky/ford,Fields of Research and Development classification (FORD) - Frascati manual,https://data.mvcr.gov.cz/zdroj/číselníky/ford/položky/20800,20800,2.8 Environmental biotechnology,https://data.mvcr.gov.cz/zdroj/číselníky/ford/položky/20000
https://data.mvcr.gov.cz/zdroj/číselníky/ford,Fields of Research and Development classification (FORD) - Frascati manual,https://data.mvcr.gov.cz/zdroj/číselníky/ford/položky/20900,20900,2.9 Industrial biotechnology,https://data.mvcr.gov.cz/zdroj/číselníky/ford/položky/20000
https://data.mvcr.gov.cz/zdroj/číselníky/ford,Fields of Research and Development classification (FORD) - Frascati manual,https://data.mvcr.gov.cz/zdroj/číselníky/ford/položky/21000,21000,2.10 Nano-technology,https://data.mvcr.gov.cz/zdroj/číselníky/ford/položky/20000
https://data.mvcr.gov.cz/zdroj/číselníky/ford,Fields of Research and Development classification (FORD) - Frascati manual,https://data.mvcr.gov.cz/zdroj/číselníky/ford/položky/21100,21100,2.11 Other engineering and technologies,https://data.mvcr.gov.cz/zdroj/číselníky/ford/položky/20000
https://data.mvcr.gov.cz/zdroj/číselníky/ford,Fields of Research and Development classification (FORD) - Frascati manual,https://data.mvcr.gov.cz/zdroj/číselníky/ford/položky/30100,30100,3.1 Basic medicine,https://data.mvcr.gov.cz/zdroj/číselníky/ford/položky/30000
https://data.mvcr.gov.cz/zdroj/číselníky/ford,Fields of Research and Development classification (FORD) - Frascati manual,https://data.mvcr.gov.cz/zdroj/číselníky/ford/položky/30200,30200,3.2 Clinical medicine,https://data.mvcr.gov.cz/zdroj/číselníky/ford/položky/30000
https://data.mvcr.gov.cz/zdroj/číselníky/ford,Fields of Research and Development classification (FORD) - Frascati manual,https://data.mvcr.gov.cz/zdroj/číselníky/ford/položky/30300,30300,3.3 Health sciences,https://data.mvcr.gov.cz/zdroj/číselníky/ford/položky/30000
https://data.mvcr.gov.cz/zdroj/číselníky/ford,Fields of Research and Development classification (FORD) - Frascati manual,https://data.mvcr.gov.cz/zdroj/číselníky/ford/položky/30400,30400,3.4 Medical biotechnology,https://data.mvcr.gov.cz/zdroj/číselníky/ford/položky/30000
https://data.mvcr.gov.cz/zdroj/číselníky/ford,Fields of Research and Development classification (FORD) - Frascati manual,https://data.mvcr.gov.cz/zdroj/číselníky/ford/položky/30500,30500,3.5 Other medical sciences,https://data.mvcr.gov.cz/zdroj/číselníky/ford/položky/30000
https://data.mvcr.gov.cz/zdroj/číselníky/ford,Fields of Research and Development classification (FORD) - Frascati manual,https://data.mvcr.gov.cz/zdroj/číselníky/ford/položky/40100,40100,"4.1 Agriculture, Forestry, and Fisheries",https://data.mvcr.gov.cz/zdroj/číselníky/ford/položky/40000
https://data.mvcr.gov.cz/zdroj/číselníky/ford,Fields of Research and Development classification (FORD) - Frascati manual,https://data.mvcr.gov.cz/zdroj/číselníky/ford/položky/40200,40200,4.2 Animal and Dairy science,https://data.mvcr.gov.cz/zdroj/číselníky/ford/položky/40000
https://data.mvcr.gov.cz/zdroj/číselníky/ford,Fields of Research and Development classification (FORD) - Frascati manual,https://data.mvcr.gov.cz/zdroj/číselníky/ford/položky/40300,40300,4.3 Veterinary science,https://data.mvcr.gov.cz/zdroj/číselníky/ford/položky/40000
https://data.mvcr.gov.cz/zdroj/číselníky/ford,Fields of Research and Development classification (FORD) - Frascati manual,https://data.mvcr.gov.cz/zdroj/číselníky/ford/položky/40400,40400,4.4 Agricultural biotechnology,https://data.mvcr.gov.cz/zdroj/číselníky/ford/položky/40000
https://data.mvcr.gov.cz/zdroj/číselníky/ford,Fields of Research and Development classification (FORD) - Frascati manual,https://data.mvcr.gov.cz/zdroj/číselníky/ford/položky/40500,40500,4.5 Other agricultural sciences,https://data.mvcr.gov.cz/zdroj/číselníky/ford/položky/40000
https://data.mvcr.gov.cz/zdroj/číselníky/ford,Fields of Research and Development classification (FORD) - Frascati manual,https://data.mvcr.gov.cz/zdroj/číselníky/ford/položky/50100,50100,5.1 Psychology and cognitive sciences,https://data.mvcr.gov.cz/zdroj/číselníky/ford/položky/50000
https://data.mvcr.gov.cz/zdroj/číselníky/ford,Fields of Research and Development classification (FORD) - Frascati manual,https://data.mvcr.gov.cz/zdroj/číselníky/ford/položky/50200,50200,5.2 Economics and Business,https://data.mvcr.gov.cz/zdroj/číselníky/ford/položky/50000
https://data.mvcr.gov.cz/zdroj/číselníky/ford,Fields of Research and Development classification (FORD) - Frascati manual,https://data.mvcr.gov.cz/zdroj/číselníky/ford/položky/50300,50300,5.3 Education,https://data.mvcr.gov.cz/zdroj/číselníky/ford/položky/50000
https://data.mvcr.gov.cz/zdroj/číselníky/ford,Fields of Research and Development classification (FORD) - Frascati manual,https://data.mvcr.gov.cz/zdroj/číselníky/ford/položky/50400,50400,5.4 Sociology,https://data.mvcr.gov.cz/zdroj/číselníky/ford/položky/50000
https://data.mvcr.gov.cz/zdroj/číselníky/ford,Fields of Research and Development classification (FORD) - Frascati manual,https://data.mvcr.gov.cz/zdroj/číselníky/ford/položky/50500,50500,5.5 Law,https://data.mvcr.gov.cz/zdroj/číselníky/ford/položky/50000
https://data.mvcr.gov.cz/zdroj/číselníky/ford,Fields of Research and Development classification (FORD) - Frascati manual,https://data.mvcr.gov.cz/zdroj/číselníky/ford/položky/50600,50600,5.6 Political science,https://data.mvcr.gov.cz/zdroj/číselníky/ford/položky/50000
https://data.mvcr.gov.cz/zdroj/číselníky/ford,Fields of Research and Development classification (FORD) - Frascati manual,https://data.mvcr.gov.cz/zdroj/číselníky/ford/položky/50700,50700,5.7 Social and economic geography,https://data.mvcr.gov.cz/zdroj/číselníky/ford/položky/50000
https://data.mvcr.gov.cz/zdroj/číselníky/ford,Fields of Research and Development classification (FORD) - Frascati manual,https://data.mvcr.gov.cz/zdroj/číselníky/ford/položky/50800,50800,5.8 Media and communications,https://data.mvcr.gov.cz/zdroj/číselníky/ford/položky/50000
https://data.mvcr.gov.cz/zdroj/číselníky/ford,Fields of Research and Development classification (FORD) - Frascati manual,https://data.mvcr.gov.cz/zdroj/číselníky/ford/položky/50900,50900,5.9 Other social sciences,https://data.mvcr.gov.cz/zdroj/číselníky/ford/položky/50000
https://data.mvcr.gov.cz/zdroj/číselníky/ford,Fields of Research and Development classification (FORD) - Frascati manual,https://data.mvcr.gov.cz/zdroj/číselníky/ford/položky/60100,60100,6.1 History and Archaeology,https://data.mvcr.gov.cz/zdroj/číselníky/ford/položky/60000
https://data.mvcr.gov.cz/zdroj/číselníky/ford,Fields of Research and Development classification (FORD) - Frascati manual,https://data.mvcr.gov.cz/zdroj/číselníky/ford/položky/60200,60200,6.2 Languages and Literature,https://data.mvcr.gov.cz/zdroj/číselníky/ford/položky/60000
https://data.mvcr.gov.cz/zdroj/číselníky/ford,Fields of Research and Development classification (FORD) - Frascati manual,https://data.mvcr.gov.cz/zdroj/číselníky/ford/položky/60300,60300,"6.3 Philosophy, Ethics and Religion",https://data.mvcr.gov.cz/zdroj/číselníky/ford/položky/60000
https://data.mvcr.gov.cz/zdroj/číselníky/ford,Fields of Research and Development classification (FORD) - Frascati manual,https://data.mvcr.gov.cz/zdroj/číselníky/ford/položky/60400,60400,"6.4 Arts (arts, history of arts, performing arts, music)",https://data.mvcr.gov.cz/zdroj/číselníky/ford/položky/60000
https://data.mvcr.gov.cz/zdroj/číselníky/ford,Fields of Research and Development classification (FORD) - Frascati manual,https://data.mvcr.gov.cz/zdroj/číselníky/ford/položky/60500,60500,6.5 Other Humanities and the Arts,https://data.mvcr.gov.cz/zdroj/číselníky/ford/položky/60000
https://data.mvcr.gov.cz/zdroj/číselníky/ford,Fields of Research and Development classification (FORD) - Frascati manual,https://data.mvcr.gov.cz/zdroj/číselníky/ford/položky/10101,10101,Pure mathematics,https://data.mvcr.gov.cz/zdroj/číselníky/ford/položky/10100
https://data.mvcr.gov.cz/zdroj/číselníky/ford,Fields of Research and Development classification (FORD) - Frascati manual,https://data.mvcr.gov.cz/zdroj/číselníky/ford/položky/10102,10102,Applied mathematics,https://data.mvcr.gov.cz/zdroj/číselníky/ford/položky/10100
https://data.mvcr.gov.cz/zdroj/číselníky/ford,Fields of Research and Development classification (FORD) - Frascati manual,https://data.mvcr.gov.cz/zdroj/číselníky/ford/položky/10103,10103,Statistics and probability,https://data.mvcr.gov.cz/zdroj/číselníky/ford/položky/10100
https://data.mvcr.gov.cz/zdroj/číselníky/ford,Fields of Research and Development classification (FORD) - Frascati manual,https://data.mvcr.gov.cz/zdroj/číselníky/ford/položky/10201,10201,"Computer sciences, information science, bioinformathics (hardware development to be 2.2, social aspect to be 5.8)",https://data.mvcr.gov.cz/zdroj/číselníky/ford/položky/10200
https://data.mvcr.gov.cz/zdroj/číselníky/ford,Fields of Research and Development classification (FORD) - Frascati manual,https://data.mvcr.gov.cz/zdroj/číselníky/ford/položky/10301,10301,"Atomic, molecular and chemical physics (physics of atoms and molecules including collision, interaction with radiation, magnetic resonances, Mössbauer effect)",https://data.mvcr.gov.cz/zdroj/číselníky/ford/položky/10300
https://data.mvcr.gov.cz/zdroj/číselníky/ford,Fields of Research and Development classification (FORD) - Frascati manual,https://data.mvcr.gov.cz/zdroj/číselníky/ford/položky/10302,10302,"Condensed matter physics (including formerly solid state physics, supercond.)",https://data.mvcr.gov.cz/zdroj/číselníky/ford/položky/10300
https://data.mvcr.gov.cz/zdroj/číselníky/ford,Fields of Research and Development classification (FORD) - Frascati manual,https://data.mvcr.gov.cz/zdroj/číselníky/ford/položky/10303,10303,Particles and field physics,https://data.mvcr.gov.cz/zdroj/číselníky/ford/položky/10300
https://data.mvcr.gov.cz/zdroj/číselníky/ford,Fields of Research and Development classification (FORD) - Frascati manual,https://data.mvcr.gov.cz/zdroj/číselníky/ford/položky/10304,10304,Nuclear physics,https://data.mvcr.gov.cz/zdroj/číselníky/ford/položky/10300
https://data.mvcr.gov.cz/zdroj/číselníky/ford,Fields of Research and Development classification (FORD) - Frascati manual,https://data.mvcr.gov.cz/zdroj/číselníky/ford/položky/10305,10305,Fluids and plasma physics (including surface physics),https://data.mvcr.gov.cz/zdroj/číselníky/ford/položky/10300
https://data.mvcr.gov.cz/zdroj/číselníky/ford,Fields of Research and Development classification (FORD) - Frascati manual,https://data.mvcr.gov.cz/zdroj/číselníky/ford/položky/10306,10306,"Optics (including laser optics and
quantum optics)",https://data.mvcr.gov.cz/zdroj/číselníky/ford/položky/10300
https://data.mvcr.gov.cz/zdroj/číselníky/ford,Fields of Research and Development classification (FORD) - Frascati manual,https://data.mvcr.gov.cz/zdroj/číselníky/ford/položky/10307,10307,Acoustics,https://data.mvcr.gov.cz/zdroj/číselníky/ford/položky/10300
https://data.mvcr.gov.cz/zdroj/číselníky/ford,Fields of Research and Development classification (FORD) - Frascati manual,https://data.mvcr.gov.cz/zdroj/číselníky/ford/položky/10308,10308,"Astronomy (including astrophysics,
space science)",https://data.mvcr.gov.cz/zdroj/číselníky/ford/položky/10300
https://data.mvcr.gov.cz/zdroj/číselníky/ford,Fields of Research and Development classification (FORD) - Frascati manual,https://data.mvcr.gov.cz/zdroj/číselníky/ford/položky/10401,10401,Organic chemistry,https://data.mvcr.gov.cz/zdroj/číselníky/ford/položky/10400
https://data.mvcr.gov.cz/zdroj/číselníky/ford,Fields of Research and Development classification (FORD) - Frascati manual,https://data.mvcr.gov.cz/zdroj/číselníky/ford/položky/10402,10402,Inorganic and nuclear chemistry,https://data.mvcr.gov.cz/zdroj/číselníky/ford/položky/10400
https://data.mvcr.gov.cz/zdroj/číselníky/ford,Fields of Research and Development classification (FORD) - Frascati manual,https://data.mvcr.gov.cz/zdroj/číselníky/ford/položky/10403,10403,Physical chemistry,https://data.mvcr.gov.cz/zdroj/číselníky/ford/položky/10400
https://data.mvcr.gov.cz/zdroj/číselníky/ford,Fields of Research and Development classification (FORD) - Frascati manual,https://data.mvcr.gov.cz/zdroj/číselníky/ford/položky/10404,10404,Polymer science,https://data.mvcr.gov.cz/zdroj/číselníky/ford/položky/10400
https://data.mvcr.gov.cz/zdroj/číselníky/ford,Fields of Research and Development classification (FORD) - Frascati manual,https://data.mvcr.gov.cz/zdroj/číselníky/ford/položky/10405,10405,"Electrochemistry (dry cells, batteries, fuel cells, corrosion metals, electrolysis)",https://data.mvcr.gov.cz/zdroj/číselníky/ford/položky/10400
https://data.mvcr.gov.cz/zdroj/číselníky/ford,Fields of Research and Development classification (FORD) - Frascati manual,https://data.mvcr.gov.cz/zdroj/číselníky/ford/položky/10406,10406,Analytical chemistry,https://data.mvcr.gov.cz/zdroj/číselníky/ford/položky/10400
https://data.mvcr.gov.cz/zdroj/číselníky/ford,Fields of Research and Development classification (FORD) - Frascati manual,https://data.mvcr.gov.cz/zdroj/číselníky/ford/položky/10501,10501,Hydrology,https://data.mvcr.gov.cz/zdroj/číselníky/ford/položky/10500
https://data.mvcr.gov.cz/zdroj/číselníky/ford,Fields of Research and Development classification (FORD) - Frascati manual,https://data.mvcr.gov.cz/zdroj/číselníky/ford/položky/10502,10502,Oceanography,https://data.mvcr.gov.cz/zdroj/číselníky/ford/položky/10500
https://data.mvcr.gov.cz/zdroj/číselníky/ford,Fields of Research and Development classification (FORD) - Frascati manual,https://data.mvcr.gov.cz/zdroj/číselníky/ford/položky/10503,10503,Water resources,https://data.mvcr.gov.cz/zdroj/číselníky/ford/položky/10500
https://data.mvcr.gov.cz/zdroj/číselníky/ford,Fields of Research and Development classification (FORD) - Frascati manual,https://data.mvcr.gov.cz/zdroj/číselníky/ford/položky/10504,10504,Mineralogy,https://data.mvcr.gov.cz/zdroj/číselníky/ford/položky/10500
https://data.mvcr.gov.cz/zdroj/číselníky/ford,Fields of Research and Development classification (FORD) - Frascati manual,https://data.mvcr.gov.cz/zdroj/číselníky/ford/položky/10505,10505,Geology,https://data.mvcr.gov.cz/zdroj/číselníky/ford/položky/10500
https://data.mvcr.gov.cz/zdroj/číselníky/ford,Fields of Research and Development classification (FORD) - Frascati manual,https://data.mvcr.gov.cz/zdroj/číselníky/ford/položky/10506,10506,Paleontology,https://data.mvcr.gov.cz/zdroj/číselníky/ford/položky/10500
https://data.mvcr.gov.cz/zdroj/číselníky/ford,Fields of Research and Development classification (FORD) - Frascati manual,https://data.mvcr.gov.cz/zdroj/číselníky/ford/položky/10507,10507,Volcanology,https://data.mvcr.gov.cz/zdroj/číselníky/ford/položky/10500
https://data.mvcr.gov.cz/zdroj/číselníky/ford,Fields of Research and Development classification (FORD) - Frascati manual,https://data.mvcr.gov.cz/zdroj/číselníky/ford/položky/10508,10508,Physical geography,https://data.mvcr.gov.cz/zdroj/číselníky/ford/položky/10500
https://data.mvcr.gov.cz/zdroj/číselníky/ford,Fields of Research and Development classification (FORD) - Frascati manual,https://data.mvcr.gov.cz/zdroj/číselníky/ford/položky/10509,10509,Meteorology and atmospheric sciences,https://data.mvcr.gov.cz/zdroj/číselníky/ford/položky/10500
https://data.mvcr.gov.cz/zdroj/číselníky/ford,Fields of Research and Development classification (FORD) - Frascati manual,https://data.mvcr.gov.cz/zdroj/číselníky/ford/položky/10510,10510,Climatic research,https://data.mvcr.gov.cz/zdroj/číselníky/ford/položky/10500
https://data.mvcr.gov.cz/zdroj/číselníky/ford,Fields of Research and Development classification (FORD) - Frascati manual,https://data.mvcr.gov.cz/zdroj/číselníky/ford/položky/10511,10511,Environmental sciences (social aspects to be 5.7),https://data.mvcr.gov.cz/zdroj/číselníky/ford/položky/10500
https://data.mvcr.gov.cz/zdroj/číselníky/ford,Fields of Research and Development classification (FORD) - Frascati manual,https://data.mvcr.gov.cz/zdroj/číselníky/ford/položky/10601,10601,Cell biology,https://data.mvcr.gov.cz/zdroj/číselníky/ford/položky/10600
https://data.mvcr.gov.cz/zdroj/číselníky/ford,Fields of Research and Development classification (FORD) - Frascati manual,https://data.mvcr.gov.cz/zdroj/číselníky/ford/položky/10602,10602,"Biology (theoretical, mathematical, thermal, cryobiology, biological rhythm), Evolutionary biology",https://data.mvcr.gov.cz/zdroj/číselníky/ford/položky/10600
https://data.mvcr.gov.cz/zdroj/číselníky/ford,Fields of Research and Development classification (FORD) - Frascati manual,https://data.mvcr.gov.cz/zdroj/číselníky/ford/položky/10603,10603,Genetics and heredity (medical genetics to be 3),https://data.mvcr.gov.cz/zdroj/číselníky/ford/položky/10600
https://data.mvcr.gov.cz/zdroj/číselníky/ford,Fields of Research and Development classification (FORD) - Frascati manual,https://data.mvcr.gov.cz/zdroj/číselníky/ford/položky/10604,10604,Reproductive biology (medical aspects to be 3),https://data.mvcr.gov.cz/zdroj/číselníky/ford/položky/10600
https://data.mvcr.gov.cz/zdroj/číselníky/ford,Fields of Research and Development classification (FORD) - Frascati manual,https://data.mvcr.gov.cz/zdroj/číselníky/ford/položky/10605,10605,Developmental biology,https://data.mvcr.gov.cz/zdroj/číselníky/ford/položky/10600
https://data.mvcr.gov.cz/zdroj/číselníky/ford,Fields of Research and Development classification (FORD) - Frascati manual,https://data.mvcr.gov.cz/zdroj/číselníky/ford/položky/10606,10606,Microbiology,https://data.mvcr.gov.cz/zdroj/číselníky/ford/položky/10600
https://data.mvcr.gov.cz/zdroj/číselníky/ford,Fields of Research and Development classification (FORD) - Frascati manual,https://data.mvcr.gov.cz/zdroj/číselníky/ford/položky/10607,10607,Virology,https://data.mvcr.gov.cz/zdroj/číselníky/ford/položky/10600
https://data.mvcr.gov.cz/zdroj/číselníky/ford,Fields of Research and Development classification (FORD) - Frascati manual,https://data.mvcr.gov.cz/zdroj/číselníky/ford/položky/10608,10608,Biochemistry and molecular biology,https://data.mvcr.gov.cz/zdroj/číselníky/ford/položky/10600
https://data.mvcr.gov.cz/zdroj/číselníky/ford,Fields of Research and Development classification (FORD) - Frascati manual,https://data.mvcr.gov.cz/zdroj/číselníky/ford/položky/10609,10609,Biochemical research methods,https://data.mvcr.gov.cz/zdroj/číselníky/ford/položky/10600
https://data.mvcr.gov.cz/zdroj/číselníky/ford,Fields of Research and Development classification (FORD) - Frascati manual,https://data.mvcr.gov.cz/zdroj/číselníky/ford/položky/10610,10610,Biophysics,https://data.mvcr.gov.cz/zdroj/číselníky/ford/položky/10600
https://data.mvcr.gov.cz/zdroj/číselníky/ford,Fields of Research and Development classification (FORD) - Frascati manual,https://data.mvcr.gov.cz/zdroj/číselníky/ford/položky/10611,10611,"Plant sciences, botany",https://data.mvcr.gov.cz/zdroj/číselníky/ford/položky/10600
https://data.mvcr.gov.cz/zdroj/číselníky/ford,Fields of Research and Development classification (FORD) - Frascati manual,https://data.mvcr.gov.cz/zdroj/číselníky/ford/položky/10612,10612,Mycology,https://data.mvcr.gov.cz/zdroj/číselníky/ford/položky/10600
https://data.mvcr.gov.cz/zdroj/číselníky/ford,Fields of Research and Development classification (FORD) - Frascati manual,https://data.mvcr.gov.cz/zdroj/číselníky/ford/položky/10613,10613,Zoology,https://data.mvcr.gov.cz/zdroj/číselníky/ford/položky/10600
https://data.mvcr.gov.cz/zdroj/číselníky/ford,Fields of Research and Development classification (FORD) - Frascati manual,https://data.mvcr.gov.cz/zdroj/číselníky/ford/položky/10614,10614,Behavioral sciences biology,https://data.mvcr.gov.cz/zdroj/číselníky/ford/položky/10600
https://data.mvcr.gov.cz/zdroj/číselníky/ford,Fields of Research and Development classification (FORD) - Frascati manual,https://data.mvcr.gov.cz/zdroj/číselníky/ford/položky/10615,10615,Ornithology,https://data.mvcr.gov.cz/zdroj/číselníky/ford/položky/10600
https://data.mvcr.gov.cz/zdroj/číselníky/ford,Fields of Research and Development classification (FORD) - Frascati manual,https://data.mvcr.gov.cz/zdroj/číselníky/ford/položky/10616,10616,Entomology,https://data.mvcr.gov.cz/zdroj/číselníky/ford/položky/10600
https://data.mvcr.gov.cz/zdroj/číselníky/ford,Fields of Research and Development classification (FORD) - Frascati manual,https://data.mvcr.gov.cz/zdroj/číselníky/ford/položky/10617,10617,"Marine biology, freshwater biology, limnology",https://data.mvcr.gov.cz/zdroj/číselníky/ford/položky/10600
https://data.mvcr.gov.cz/zdroj/číselníky/ford,Fields of Research and Development classification (FORD) - Frascati manual,https://data.mvcr.gov.cz/zdroj/číselníky/ford/položky/10618,10618,Ecology,https://data.mvcr.gov.cz/zdroj/číselníky/ford/položky/10600
https://data.mvcr.gov.cz/zdroj/číselníky/ford,Fields of Research and Development classification (FORD) - Frascati manual,https://data.mvcr.gov.cz/zdroj/číselníky/ford/položky/10619,10619,Biodiversity conservation,https://data.mvcr.gov.cz/zdroj/číselníky/ford/položky/10600
https://data.mvcr.gov.cz/zdroj/číselníky/ford,Fields of Research and Development classification (FORD) - Frascati manual,https://data.mvcr.gov.cz/zdroj/číselníky/ford/položky/10620,10620,Other biological topics,https://data.mvcr.gov.cz/zdroj/číselníky/ford/položky/10600
https://data.mvcr.gov.cz/zdroj/číselníky/ford,Fields of Research and Development classification (FORD) - Frascati manual,https://data.mvcr.gov.cz/zdroj/číselníky/ford/položky/20101,20101,Civil engineering,https://data.mvcr.gov.cz/zdroj/číselníky/ford/položky/20100
https://data.mvcr.gov.cz/zdroj/číselníky/ford,Fields of Research and Development classification (FORD) - Frascati manual,https://data.mvcr.gov.cz/zdroj/číselníky/ford/položky/20102,20102,"Construction engineering, Municipal and structural engineering",https://data.mvcr.gov.cz/zdroj/číselníky/ford/položky/20100
https://data.mvcr.gov.cz/zdroj/číselníky/ford,Fields of Research and Development classification (FORD) - Frascati manual,https://data.mvcr.gov.cz/zdroj/číselníky/ford/položky/20103,20103,Architecture engineering,https://data.mvcr.gov.cz/zdroj/číselníky/ford/položky/20100
https://data.mvcr.gov.cz/zdroj/číselníky/ford,Fields of Research and Development classification (FORD) - Frascati manual,https://data.mvcr.gov.cz/zdroj/číselníky/ford/položky/20104,20104,Transport engineering,https://data.mvcr.gov.cz/zdroj/číselníky/ford/položky/20100
https://data.mvcr.gov.cz/zdroj/číselníky/ford,Fields of Research and Development classification (FORD) - Frascati manual,https://data.mvcr.gov.cz/zdroj/číselníky/ford/položky/20201,20201,Electrical and electronic engineering,https://data.mvcr.gov.cz/zdroj/číselníky/ford/položky/20200
https://data.mvcr.gov.cz/zdroj/číselníky/ford,Fields of Research and Development classification (FORD) - Frascati manual,https://data.mvcr.gov.cz/zdroj/číselníky/ford/položky/20202,20202,Communication engineering and systems,https://data.mvcr.gov.cz/zdroj/číselníky/ford/položky/20200
https://data.mvcr.gov.cz/zdroj/číselníky/ford,Fields of Research and Development classification (FORD) - Frascati manual,https://data.mvcr.gov.cz/zdroj/číselníky/ford/položky/20203,20203,Telecommunications,https://data.mvcr.gov.cz/zdroj/číselníky/ford/položky/20200
https://data.mvcr.gov.cz/zdroj/číselníky/ford,Fields of Research and Development classification (FORD) - Frascati manual,https://data.mvcr.gov.cz/zdroj/číselníky/ford/položky/20204,20204,Robotics and automatic control,https://data.mvcr.gov.cz/zdroj/číselníky/ford/položky/20200
https://data.mvcr.gov.cz/zdroj/číselníky/ford,Fields of Research and Development classification (FORD) - Frascati manual,https://data.mvcr.gov.cz/zdroj/číselníky/ford/položky/20205,20205,Automation and control systems,https://data.mvcr.gov.cz/zdroj/číselníky/ford/položky/20200
https://data.mvcr.gov.cz/zdroj/číselníky/ford,Fields of Research and Development classification (FORD) - Frascati manual,https://data.mvcr.gov.cz/zdroj/číselníky/ford/položky/20206,20206,Computer hardware and architecture,https://data.mvcr.gov.cz/zdroj/číselníky/ford/položky/20200
https://data.mvcr.gov.cz/zdroj/číselníky/ford,Fields of Research and Development classification (FORD) - Frascati manual,https://data.mvcr.gov.cz/zdroj/číselníky/ford/položky/20301,20301,Mechanical engineering,https://data.mvcr.gov.cz/zdroj/číselníky/ford/položky/20300
https://data.mvcr.gov.cz/zdroj/číselníky/ford,Fields of Research and Development classification (FORD) - Frascati manual,https://data.mvcr.gov.cz/zdroj/číselníky/ford/položky/20302,20302,Applied mechanics,https://data.mvcr.gov.cz/zdroj/číselníky/ford/položky/20300
https://data.mvcr.gov.cz/zdroj/číselníky/ford,Fields of Research and Development classification (FORD) - Frascati manual,https://data.mvcr.gov.cz/zdroj/číselníky/ford/položky/20303,20303,Thermodynamics,https://data.mvcr.gov.cz/zdroj/číselníky/ford/položky/20300
https://data.mvcr.gov.cz/zdroj/číselníky/ford,Fields of Research and Development classification (FORD) - Frascati manual,https://data.mvcr.gov.cz/zdroj/číselníky/ford/položky/20304,20304,Aerospace engineering,https://data.mvcr.gov.cz/zdroj/číselníky/ford/položky/20300
https://data.mvcr.gov.cz/zdroj/číselníky/ford,Fields of Research and Development classification (FORD) - Frascati manual,https://data.mvcr.gov.cz/zdroj/číselníky/ford/položky/20305,20305,Nuclear related engineering; (nuclear physics to be 1.3);,https://data.mvcr.gov.cz/zdroj/číselníky/ford/položky/20300
https://data.mvcr.gov.cz/zdroj/číselníky/ford,Fields of Research and Development classification (FORD) - Frascati manual,https://data.mvcr.gov.cz/zdroj/číselníky/ford/položky/20306,20306,"Audio engineering, reliability analysis",https://data.mvcr.gov.cz/zdroj/číselníky/ford/položky/20300
https://data.mvcr.gov.cz/zdroj/číselníky/ford,Fields of Research and Development classification (FORD) - Frascati manual,https://data.mvcr.gov.cz/zdroj/číselníky/ford/položky/20401,20401,"Chemical engineering (plants, products)",https://data.mvcr.gov.cz/zdroj/číselníky/ford/položky/20400
https://data.mvcr.gov.cz/zdroj/číselníky/ford,Fields of Research and Development classification (FORD) - Frascati manual,https://data.mvcr.gov.cz/zdroj/číselníky/ford/položky/20402,20402,Chemical process engineering,https://data.mvcr.gov.cz/zdroj/číselníky/ford/položky/20400
https://data.mvcr.gov.cz/zdroj/číselníky/ford,Fields of Research and Development classification (FORD) - Frascati manual,https://data.mvcr.gov.cz/zdroj/číselníky/ford/položky/20501,20501,Materials engineering,https://data.mvcr.gov.cz/zdroj/číselníky/ford/položky/20500
https://data.mvcr.gov.cz/zdroj/číselníky/ford,Fields of Research and Development classification (FORD) - Frascati manual,https://data.mvcr.gov.cz/zdroj/číselníky/ford/položky/20502,20502,Paper and wood,https://data.mvcr.gov.cz/zdroj/číselníky/ford/položky/20500
https://data.mvcr.gov.cz/zdroj/číselníky/ford,Fields of Research and Development classification (FORD) - Frascati manual,https://data.mvcr.gov.cz/zdroj/číselníky/ford/položky/20503,20503,"Textiles; including synthetic dyes, colours, fibres (nanoscale  materials  to  be  2.10; biomaterials to be 2.9)",https://data.mvcr.gov.cz/zdroj/číselníky/ford/položky/20500
https://data.mvcr.gov.cz/zdroj/číselníky/ford,Fields of Research and Development classification (FORD) - Frascati manual,https://data.mvcr.gov.cz/zdroj/číselníky/ford/položky/20504,20504,Ceramics,https://data.mvcr.gov.cz/zdroj/číselníky/ford/položky/20500
https://data.mvcr.gov.cz/zdroj/číselníky/ford,Fields of Research and Development classification (FORD) - Frascati manual,https://data.mvcr.gov.cz/zdroj/číselníky/ford/položky/20505,20505,"Composites (including laminates, reinforced plastics, cermets, combined natural and synthetic fibre fabrics; filled composites)",https://data.mvcr.gov.cz/zdroj/číselníky/ford/položky/20500
https://data.mvcr.gov.cz/zdroj/číselníky/ford,Fields of Research and Development classification (FORD) - Frascati manual,https://data.mvcr.gov.cz/zdroj/číselníky/ford/položky/20506,20506,Coating and films,https://data.mvcr.gov.cz/zdroj/číselníky/ford/položky/20500
https://data.mvcr.gov.cz/zdroj/číselníky/ford,Fields of Research and Development classification (FORD) - Frascati manual,https://data.mvcr.gov.cz/zdroj/číselníky/ford/položky/20601,20601,Medical engineering,https://data.mvcr.gov.cz/zdroj/číselníky/ford/položky/20600
https://data.mvcr.gov.cz/zdroj/číselníky/ford,Fields of Research and Development classification (FORD) - Frascati manual,https://data.mvcr.gov.cz/zdroj/číselníky/ford/položky/20602,20602,"Medical laboratory technology (including laboratory samples analysis; diagnostic technologies) (Biomaterials to be 2.9 [physical characteristics of living material as related to medical implants, devices, sensors]);",https://data.mvcr.gov.cz/zdroj/číselníky/ford/položky/20600
https://data.mvcr.gov.cz/zdroj/číselníky/ford,Fields of Research and Development classification (FORD) - Frascati manual,https://data.mvcr.gov.cz/zdroj/číselníky/ford/položky/20701,20701,"Environmental and geological engineering, geotechnics",https://data.mvcr.gov.cz/zdroj/číselníky/ford/položky/20700
https://data.mvcr.gov.cz/zdroj/číselníky/ford,Fields of Research and Development classification (FORD) - Frascati manual,https://data.mvcr.gov.cz/zdroj/číselníky/ford/položky/20702,20702,"Petroleum engineering (fuel, oils)",https://data.mvcr.gov.cz/zdroj/číselníky/ford/položky/20700
https://data.mvcr.gov.cz/zdroj/číselníky/ford,Fields of Research and Development classification (FORD) - Frascati manual,https://data.mvcr.gov.cz/zdroj/číselníky/ford/položky/20703,20703,Mining and mineral processing,https://data.mvcr.gov.cz/zdroj/číselníky/ford/položky/20700
https://data.mvcr.gov.cz/zdroj/číselníky/ford,Fields of Research and Development classification (FORD) - Frascati manual,https://data.mvcr.gov.cz/zdroj/číselníky/ford/položky/20704,20704,Energy and fuels,https://data.mvcr.gov.cz/zdroj/číselníky/ford/položky/20700
https://data.mvcr.gov.cz/zdroj/číselníky/ford,Fields of Research and Development classification (FORD) - Frascati manual,https://data.mvcr.gov.cz/zdroj/číselníky/ford/položky/20705,20705,Remote sensing,https://data.mvcr.gov.cz/zdroj/číselníky/ford/položky/20700
https://data.mvcr.gov.cz/zdroj/číselníky/ford,Fields of Research and Development classification (FORD) - Frascati manual,https://data.mvcr.gov.cz/zdroj/číselníky/ford/položky/20706,20706,"Marine engineering, sea vessels",https://data.mvcr.gov.cz/zdroj/číselníky/ford/položky/20700
https://data.mvcr.gov.cz/zdroj/číselníky/ford,Fields of Research and Development classification (FORD) - Frascati manual,https://data.mvcr.gov.cz/zdroj/číselníky/ford/položky/20707,20707,Ocean engineering,https://data.mvcr.gov.cz/zdroj/číselníky/ford/položky/20700
https://data.mvcr.gov.cz/zdroj/číselníky/ford,Fields of Research and Development classification (FORD) - Frascati manual,https://data.mvcr.gov.cz/zdroj/číselníky/ford/položky/20801,20801,Environmental biotechnology,https://data.mvcr.gov.cz/zdroj/číselníky/ford/položky/20800
https://data.mvcr.gov.cz/zdroj/číselníky/ford,Fields of Research and Development classification (FORD) - Frascati manual,https://data.mvcr.gov.cz/zdroj/číselníky/ford/položky/20802,20802,"Bioremediation, diagnostic biotechnologies (DNA chips and biosensing devices) in environmental management",https://data.mvcr.gov.cz/zdroj/číselníky/ford/položky/20800
https://data.mvcr.gov.cz/zdroj/číselníky/ford,Fields of Research and Development classification (FORD) - Frascati manual,https://data.mvcr.gov.cz/zdroj/číselníky/ford/položky/20803,20803,Environmental biotechnology related ethics,https://data.mvcr.gov.cz/zdroj/číselníky/ford/položky/20800
https://data.mvcr.gov.cz/zdroj/číselníky/ford,Fields of Research and Development classification (FORD) - Frascati manual,https://data.mvcr.gov.cz/zdroj/číselníky/ford/položky/20901,20901,Industrial biotechnology,https://data.mvcr.gov.cz/zdroj/číselníky/ford/položky/20900
https://data.mvcr.gov.cz/zdroj/číselníky/ford,Fields of Research and Development classification (FORD) - Frascati manual,https://data.mvcr.gov.cz/zdroj/číselníky/ford/položky/20902,20902,"Bioprocessing technologies (industrial processes relying on biological agents to drive the process) biocatalysis, fermentation",https://data.mvcr.gov.cz/zdroj/číselníky/ford/položky/20900
https://data.mvcr.gov.cz/zdroj/číselníky/ford,Fields of Research and Development classification (FORD) - Frascati manual,https://data.mvcr.gov.cz/zdroj/číselníky/ford/položky/20903,20903,"Bioproducts (products that are manufactured using biological material as feedstock) biomaterials, bioplastics, biofuels, bioderived bulk and fine chemicals, bio-derived novel materials",https://data.mvcr.gov.cz/zdroj/číselníky/ford/položky/20900
https://data.mvcr.gov.cz/zdroj/číselníky/ford,Fields of Research and Development classification (FORD) - Frascati manual,https://data.mvcr.gov.cz/zdroj/číselníky/ford/položky/21001,21001,Nano-materials (production and properties),https://data.mvcr.gov.cz/zdroj/číselníky/ford/položky/21000
https://data.mvcr.gov.cz/zdroj/číselníky/ford,Fields of Research and Development classification (FORD) - Frascati manual,https://data.mvcr.gov.cz/zdroj/číselníky/ford/položky/21002,21002,Nano-processes (applications on nano-scale); (biomaterials to be 2.9),https://data.mvcr.gov.cz/zdroj/číselníky/ford/položky/21000
https://data.mvcr.gov.cz/zdroj/číselníky/ford,Fields of Research and Development classification (FORD) - Frascati manual,https://data.mvcr.gov.cz/zdroj/číselníky/ford/položky/21101,21101,Food and beverages,https://data.mvcr.gov.cz/zdroj/číselníky/ford/položky/21100
https://data.mvcr.gov.cz/zdroj/číselníky/ford,Fields of Research and Development classification (FORD) - Frascati manual,https://data.mvcr.gov.cz/zdroj/číselníky/ford/položky/30101,30101,Human genetics,https://data.mvcr.gov.cz/zdroj/číselníky/ford/položky/30100
https://data.mvcr.gov.cz/zdroj/číselníky/ford,Fields of Research and Development classification (FORD) - Frascati manual,https://data.mvcr.gov.cz/zdroj/číselníky/ford/položky/30102,30102,Immunology,https://data.mvcr.gov.cz/zdroj/číselníky/ford/položky/30100
https://data.mvcr.gov.cz/zdroj/číselníky/ford,Fields of Research and Development classification (FORD) - Frascati manual,https://data.mvcr.gov.cz/zdroj/číselníky/ford/položky/30103,30103,Neurosciences (including psychophysiology,https://data.mvcr.gov.cz/zdroj/číselníky/ford/položky/30100
https://data.mvcr.gov.cz/zdroj/číselníky/ford,Fields of Research and Development classification (FORD) - Frascati manual,https://data.mvcr.gov.cz/zdroj/číselníky/ford/položky/30104,30104,Pharmacology and pharmacy,https://data.mvcr.gov.cz/zdroj/číselníky/ford/položky/30100
https://data.mvcr.gov.cz/zdroj/číselníky/ford,Fields of Research and Development classification (FORD) - Frascati manual,https://data.mvcr.gov.cz/zdroj/číselníky/ford/položky/30105,30105,Physiology (including cytology),https://data.mvcr.gov.cz/zdroj/číselníky/ford/položky/30100
https://data.mvcr.gov.cz/zdroj/číselníky/ford,Fields of Research and Development classification (FORD) - Frascati manual,https://data.mvcr.gov.cz/zdroj/číselníky/ford/položky/30106,30106,Anatomy and morphology (plant  science  to  be  1.6),https://data.mvcr.gov.cz/zdroj/číselníky/ford/položky/30100
https://data.mvcr.gov.cz/zdroj/číselníky/ford,Fields of Research and Development classification (FORD) - Frascati manual,https://data.mvcr.gov.cz/zdroj/číselníky/ford/položky/30107,30107,Medicinal chemistry,https://data.mvcr.gov.cz/zdroj/číselníky/ford/položky/30100
https://data.mvcr.gov.cz/zdroj/číselníky/ford,Fields of Research and Development classification (FORD) - Frascati manual,https://data.mvcr.gov.cz/zdroj/číselníky/ford/položky/30108,30108,Toxicology,https://data.mvcr.gov.cz/zdroj/číselníky/ford/položky/30100
https://data.mvcr.gov.cz/zdroj/číselníky/ford,Fields of Research and Development classification (FORD) - Frascati manual,https://data.mvcr.gov.cz/zdroj/číselníky/ford/položky/30109,30109,Pathology,https://data.mvcr.gov.cz/zdroj/číselníky/ford/položky/30100
https://data.mvcr.gov.cz/zdroj/číselníky/ford,Fields of Research and Development classification (FORD) - Frascati manual,https://data.mvcr.gov.cz/zdroj/číselníky/ford/položky/30201,30201,Cardiac and Cardiovascular systems,https://data.mvcr.gov.cz/zdroj/číselníky/ford/položky/30200
https://data.mvcr.gov.cz/zdroj/číselníky/ford,Fields of Research and Development classification (FORD) - Frascati manual,https://data.mvcr.gov.cz/zdroj/číselníky/ford/položky/30202,30202,"Endocrinology and metabolism (including diabetes, hormones)",https://data.mvcr.gov.cz/zdroj/číselníky/ford/položky/30200
https://data.mvcr.gov.cz/zdroj/číselníky/ford,Fields of Research and Development classification (FORD) - Frascati manual,https://data.mvcr.gov.cz/zdroj/číselníky/ford/položky/30203,30203,Respiratory systems,https://data.mvcr.gov.cz/zdroj/číselníky/ford/položky/30200
https://data.mvcr.gov.cz/zdroj/číselníky/ford,Fields of Research and Development classification (FORD) - Frascati manual,https://data.mvcr.gov.cz/zdroj/číselníky/ford/položky/30204,30204,Oncology,https://data.mvcr.gov.cz/zdroj/číselníky/ford/položky/30200
https://data.mvcr.gov.cz/zdroj/číselníky/ford,Fields of Research and Development classification (FORD) - Frascati manual,https://data.mvcr.gov.cz/zdroj/číselníky/ford/položky/30205,30205,Hematology,https://data.mvcr.gov.cz/zdroj/číselníky/ford/položky/30200
https://data.mvcr.gov.cz/zdroj/číselníky/ford,Fields of Research and Development classification (FORD) - Frascati manual,https://data.mvcr.gov.cz/zdroj/číselníky/ford/položky/30206,30206,Otorhinolaryngology,https://data.mvcr.gov.cz/zdroj/číselníky/ford/položky/30200
https://data.mvcr.gov.cz/zdroj/číselníky/ford,Fields of Research and Development classification (FORD) - Frascati manual,https://data.mvcr.gov.cz/zdroj/číselníky/ford/položky/30207,30207,Ophthalmology,https://data.mvcr.gov.cz/zdroj/číselníky/ford/položky/30200
https://data.mvcr.gov.cz/zdroj/číselníky/ford,Fields of Research and Development classification (FORD) - Frascati manual,https://data.mvcr.gov.cz/zdroj/číselníky/ford/položky/30208,30208,"Dentistry, oral surgery and medicine",https://data.mvcr.gov.cz/zdroj/číselníky/ford/položky/30200
https://data.mvcr.gov.cz/zdroj/číselníky/ford,Fields of Research and Development classification (FORD) - Frascati manual,https://data.mvcr.gov.cz/zdroj/číselníky/ford/položky/30209,30209,Paediatrics,https://data.mvcr.gov.cz/zdroj/číselníky/ford/položky/30200
https://data.mvcr.gov.cz/zdroj/číselníky/ford,Fields of Research and Development classification (FORD) - Frascati manual,https://data.mvcr.gov.cz/zdroj/číselníky/ford/položky/30210,30210,Clinical neurology,https://data.mvcr.gov.cz/zdroj/číselníky/ford/položky/30200
https://data.mvcr.gov.cz/zdroj/číselníky/ford,Fields of Research and Development classification (FORD) - Frascati manual,https://data.mvcr.gov.cz/zdroj/číselníky/ford/položky/30211,30211,Orthopaedics,https://data.mvcr.gov.cz/zdroj/číselníky/ford/položky/30200
https://data.mvcr.gov.cz/zdroj/číselníky/ford,Fields of Research and Development classification (FORD) - Frascati manual,https://data.mvcr.gov.cz/zdroj/číselníky/ford/položky/30212,30212,Surgery,https://data.mvcr.gov.cz/zdroj/číselníky/ford/položky/30200
https://data.mvcr.gov.cz/zdroj/číselníky/ford,Fields of Research and Development classification (FORD) - Frascati manual,https://data.mvcr.gov.cz/zdroj/číselníky/ford/položky/30213,30213,Transplantation,https://data.mvcr.gov.cz/zdroj/číselníky/ford/položky/30200
https://data.mvcr.gov.cz/zdroj/číselníky/ford,Fields of Research and Development classification (FORD) - Frascati manual,https://data.mvcr.gov.cz/zdroj/číselníky/ford/položky/30214,30214,Obstetrics and gynaecology,https://data.mvcr.gov.cz/zdroj/číselníky/ford/položky/30200
https://data.mvcr.gov.cz/zdroj/číselníky/ford,Fields of Research and Development classification (FORD) - Frascati manual,https://data.mvcr.gov.cz/zdroj/číselníky/ford/položky/30215,30215,Psychiatry,https://data.mvcr.gov.cz/zdroj/číselníky/ford/položky/30200
https://data.mvcr.gov.cz/zdroj/číselníky/ford,Fields of Research and Development classification (FORD) - Frascati manual,https://data.mvcr.gov.cz/zdroj/číselníky/ford/položky/30216,30216,Dermatology and venereal diseases,https://data.mvcr.gov.cz/zdroj/číselníky/ford/položky/30200
https://data.mvcr.gov.cz/zdroj/číselníky/ford,Fields of Research and Development classification (FORD) - Frascati manual,https://data.mvcr.gov.cz/zdroj/číselníky/ford/položky/30217,30217,Urology and nephrology,https://data.mvcr.gov.cz/zdroj/číselníky/ford/položky/30200
https://data.mvcr.gov.cz/zdroj/číselníky/ford,Fields of Research and Development classification (FORD) - Frascati manual,https://data.mvcr.gov.cz/zdroj/číselníky/ford/položky/30218,30218,General and internal medicine,https://data.mvcr.gov.cz/zdroj/číselníky/ford/položky/30200
https://data.mvcr.gov.cz/zdroj/číselníky/ford,Fields of Research and Development classification (FORD) - Frascati manual,https://data.mvcr.gov.cz/zdroj/číselníky/ford/položky/30219,30219,Gastroenterology and hepatology,https://data.mvcr.gov.cz/zdroj/číselníky/ford/položky/30200
https://data.mvcr.gov.cz/zdroj/číselníky/ford,Fields of Research and Development classification (FORD) - Frascati manual,https://data.mvcr.gov.cz/zdroj/číselníky/ford/položky/30220,30220,Andrology,https://data.mvcr.gov.cz/zdroj/číselníky/ford/položky/30200
https://data.mvcr.gov.cz/zdroj/číselníky/ford,Fields of Research and Development classification (FORD) - Frascati manual,https://data.mvcr.gov.cz/zdroj/číselníky/ford/položky/30221,30221,Critical care medicine and Emergency medicine,https://data.mvcr.gov.cz/zdroj/číselníky/ford/položky/30200
https://data.mvcr.gov.cz/zdroj/číselníky/ford,Fields of Research and Development classification (FORD) - Frascati manual,https://data.mvcr.gov.cz/zdroj/číselníky/ford/položky/30223,30223,Anaesthesiology,https://data.mvcr.gov.cz/zdroj/číselníky/ford/položky/30200
https://data.mvcr.gov.cz/zdroj/číselníky/ford,Fields of Research and Development classification (FORD) - Frascati manual,https://data.mvcr.gov.cz/zdroj/číselníky/ford/položky/30224,30224,"Radiology, nuclear medicine and medical imaging",https://data.mvcr.gov.cz/zdroj/číselníky/ford/položky/30200
https://data.mvcr.gov.cz/zdroj/číselníky/ford,Fields of Research and Development classification (FORD) - Frascati manual,https://data.mvcr.gov.cz/zdroj/číselníky/ford/položky/30225,30225,Allergy,https://data.mvcr.gov.cz/zdroj/číselníky/ford/položky/30200
https://data.mvcr.gov.cz/zdroj/číselníky/ford,Fields of Research and Development classification (FORD) - Frascati manual,https://data.mvcr.gov.cz/zdroj/číselníky/ford/položky/30226,30226,Rheumatology,https://data.mvcr.gov.cz/zdroj/číselníky/ford/položky/30200
https://data.mvcr.gov.cz/zdroj/číselníky/ford,Fields of Research and Development classification (FORD) - Frascati manual,https://data.mvcr.gov.cz/zdroj/číselníky/ford/položky/30227,30227,Geriatrics and gerontology,https://data.mvcr.gov.cz/zdroj/číselníky/ford/položky/30200
https://data.mvcr.gov.cz/zdroj/číselníky/ford,Fields of Research and Development classification (FORD) - Frascati manual,https://data.mvcr.gov.cz/zdroj/číselníky/ford/položky/30229,30229,Integrative and complementary medicine (alternative practice systems),https://data.mvcr.gov.cz/zdroj/číselníky/ford/položky/30200
https://data.mvcr.gov.cz/zdroj/číselníky/ford,Fields of Research and Development classification (FORD) - Frascati manual,https://data.mvcr.gov.cz/zdroj/číselníky/ford/položky/30230,30230,Other clinical medicine subjects,https://data.mvcr.gov.cz/zdroj/číselníky/ford/položky/30200
https://data.mvcr.gov.cz/zdroj/číselníky/ford,Fields of Research and Development classification (FORD) - Frascati manual,https://data.mvcr.gov.cz/zdroj/číselníky/ford/položky/30301,30301,"Social biomedical sciences (includes family planning, sexual health, psycho-oncology, political and social effects of biomedical research)",https://data.mvcr.gov.cz/zdroj/číselníky/ford/položky/30300
https://data.mvcr.gov.cz/zdroj/číselníky/ford,Fields of Research and Development classification (FORD) - Frascati manual,https://data.mvcr.gov.cz/zdroj/číselníky/ford/položky/30302,30302,Epidemiology,https://data.mvcr.gov.cz/zdroj/číselníky/ford/položky/30300
https://data.mvcr.gov.cz/zdroj/číselníky/ford,Fields of Research and Development classification (FORD) - Frascati manual,https://data.mvcr.gov.cz/zdroj/číselníky/ford/položky/30303,30303,Infectious Diseases,https://data.mvcr.gov.cz/zdroj/číselníky/ford/položky/30300
https://data.mvcr.gov.cz/zdroj/číselníky/ford,Fields of Research and Development classification (FORD) - Frascati manual,https://data.mvcr.gov.cz/zdroj/číselníky/ford/položky/30304,30304,Public and environmental health,https://data.mvcr.gov.cz/zdroj/číselníky/ford/položky/30300
https://data.mvcr.gov.cz/zdroj/číselníky/ford,Fields of Research and Development classification (FORD) - Frascati manual,https://data.mvcr.gov.cz/zdroj/číselníky/ford/položky/30305,30305,Occupational health,https://data.mvcr.gov.cz/zdroj/číselníky/ford/položky/30300
https://data.mvcr.gov.cz/zdroj/číselníky/ford,Fields of Research and Development classification (FORD) - Frascati manual,https://data.mvcr.gov.cz/zdroj/číselníky/ford/položky/30306,30306,Sport and fitness sciences,https://data.mvcr.gov.cz/zdroj/číselníky/ford/položky/30300
https://data.mvcr.gov.cz/zdroj/číselníky/ford,Fields of Research and Development classification (FORD) - Frascati manual,https://data.mvcr.gov.cz/zdroj/číselníky/ford/položky/30307,30307,Nursing,https://data.mvcr.gov.cz/zdroj/číselníky/ford/položky/30300
https://data.mvcr.gov.cz/zdroj/číselníky/ford,Fields of Research and Development classification (FORD) - Frascati manual,https://data.mvcr.gov.cz/zdroj/číselníky/ford/položky/30308,30308,"Nutrition, Dietetics",https://data.mvcr.gov.cz/zdroj/číselníky/ford/položky/30300
https://data.mvcr.gov.cz/zdroj/číselníky/ford,Fields of Research and Development classification (FORD) - Frascati manual,https://data.mvcr.gov.cz/zdroj/číselníky/ford/položky/30309,30309,Tropical medicine,https://data.mvcr.gov.cz/zdroj/číselníky/ford/položky/30300
https://data.mvcr.gov.cz/zdroj/číselníky/ford,Fields of Research and Development classification (FORD) - Frascati manual,https://data.mvcr.gov.cz/zdroj/číselníky/ford/položky/30310,30310,Parasitology,https://data.mvcr.gov.cz/zdroj/číselníky/ford/položky/30300
https://data.mvcr.gov.cz/zdroj/číselníky/ford,Fields of Research and Development classification (FORD) - Frascati manual,https://data.mvcr.gov.cz/zdroj/číselníky/ford/položky/30311,30311,Medical ethics,https://data.mvcr.gov.cz/zdroj/číselníky/ford/položky/30300
https://data.mvcr.gov.cz/zdroj/číselníky/ford,Fields of Research and Development classification (FORD) - Frascati manual,https://data.mvcr.gov.cz/zdroj/číselníky/ford/položky/30312,30312,Substance abuse,https://data.mvcr.gov.cz/zdroj/číselníky/ford/položky/30300
https://data.mvcr.gov.cz/zdroj/číselníky/ford,Fields of Research and Development classification (FORD) - Frascati manual,https://data.mvcr.gov.cz/zdroj/číselníky/ford/položky/30401,30401,Health-related biotechnology,https://data.mvcr.gov.cz/zdroj/číselníky/ford/položky/30400
https://data.mvcr.gov.cz/zdroj/číselníky/ford,Fields of Research and Development classification (FORD) - Frascati manual,https://data.mvcr.gov.cz/zdroj/číselníky/ford/položky/30402,30402,"Technologies involving the manipulation of cells, tissues, organs or the whole organism (assisted reproduction)",https://data.mvcr.gov.cz/zdroj/číselníky/ford/položky/30400
https://data.mvcr.gov.cz/zdroj/číselníky/ford,Fields of Research and Development classification (FORD) - Frascati manual,https://data.mvcr.gov.cz/zdroj/číselníky/ford/položky/30403,30403,"Technologies involving identifying the functioning of DNA, proteins and enzymes and how they influence the onset of disease and maintenance of well-being (gene-based diagnostics and therapeutic interventions
(pharmacogenomics, gene-based therapeutics)",https://data.mvcr.gov.cz/zdroj/číselníky/ford/položky/30400
https://data.mvcr.gov.cz/zdroj/číselníky/ford,Fields of Research and Development classification (FORD) - Frascati manual,https://data.mvcr.gov.cz/zdroj/číselníky/ford/položky/30404,30404,"Biomaterials (as related to medical implants, devices, sensors)",https://data.mvcr.gov.cz/zdroj/číselníky/ford/položky/30400
https://data.mvcr.gov.cz/zdroj/číselníky/ford,Fields of Research and Development classification (FORD) - Frascati manual,https://data.mvcr.gov.cz/zdroj/číselníky/ford/položky/30405,30405,Medical biotechnology related ethics,https://data.mvcr.gov.cz/zdroj/číselníky/ford/položky/30400
https://data.mvcr.gov.cz/zdroj/číselníky/ford,Fields of Research and Development classification (FORD) - Frascati manual,https://data.mvcr.gov.cz/zdroj/číselníky/ford/položky/30501,30501,Forensic science,https://data.mvcr.gov.cz/zdroj/číselníky/ford/položky/30500
https://data.mvcr.gov.cz/zdroj/číselníky/ford,Fields of Research and Development classification (FORD) - Frascati manual,https://data.mvcr.gov.cz/zdroj/číselníky/ford/položky/30502,30502,Other medical science,https://data.mvcr.gov.cz/zdroj/číselníky/ford/položky/30500
https://data.mvcr.gov.cz/zdroj/číselníky/ford,Fields of Research and Development classification (FORD) - Frascati manual,https://data.mvcr.gov.cz/zdroj/číselníky/ford/položky/40101,40101,Agriculture,https://data.mvcr.gov.cz/zdroj/číselníky/ford/položky/40100
https://data.mvcr.gov.cz/zdroj/číselníky/ford,Fields of Research and Development classification (FORD) - Frascati manual,https://data.mvcr.gov.cz/zdroj/číselníky/ford/položky/40102,40102,Forestry,https://data.mvcr.gov.cz/zdroj/číselníky/ford/položky/40100
https://data.mvcr.gov.cz/zdroj/číselníky/ford,Fields of Research and Development classification (FORD) - Frascati manual,https://data.mvcr.gov.cz/zdroj/číselníky/ford/položky/40103,40103,Fishery,https://data.mvcr.gov.cz/zdroj/číselníky/ford/položky/40100
https://data.mvcr.gov.cz/zdroj/číselníky/ford,Fields of Research and Development classification (FORD) - Frascati manual,https://data.mvcr.gov.cz/zdroj/číselníky/ford/položky/40104,40104,Soil science,https://data.mvcr.gov.cz/zdroj/číselníky/ford/položky/40100
https://data.mvcr.gov.cz/zdroj/číselníky/ford,Fields of Research and Development classification (FORD) - Frascati manual,https://data.mvcr.gov.cz/zdroj/číselníky/ford/položky/40105,40105,"Horticulture, viticulture",https://data.mvcr.gov.cz/zdroj/číselníky/ford/položky/40100
https://data.mvcr.gov.cz/zdroj/číselníky/ford,Fields of Research and Development classification (FORD) - Frascati manual,https://data.mvcr.gov.cz/zdroj/číselníky/ford/položky/40106,40106,"Agronomy, plant breeding and plant protection; (Agricultural biotechnology to be 4.4)",https://data.mvcr.gov.cz/zdroj/číselníky/ford/položky/40100
https://data.mvcr.gov.cz/zdroj/číselníky/ford,Fields of Research and Development classification (FORD) - Frascati manual,https://data.mvcr.gov.cz/zdroj/číselníky/ford/položky/40201,40201,Animal and dairy science; (Animal biotechnology to be 4.4),https://data.mvcr.gov.cz/zdroj/číselníky/ford/položky/40200
https://data.mvcr.gov.cz/zdroj/číselníky/ford,Fields of Research and Development classification (FORD) - Frascati manual,https://data.mvcr.gov.cz/zdroj/číselníky/ford/položky/40202,40202,Pets,https://data.mvcr.gov.cz/zdroj/číselníky/ford/položky/40200
https://data.mvcr.gov.cz/zdroj/číselníky/ford,Fields of Research and Development classification (FORD) - Frascati manual,https://data.mvcr.gov.cz/zdroj/číselníky/ford/položky/40203,40203,Husbandry,https://data.mvcr.gov.cz/zdroj/číselníky/ford/položky/40200
https://data.mvcr.gov.cz/zdroj/číselníky/ford,Fields of Research and Development classification (FORD) - Frascati manual,https://data.mvcr.gov.cz/zdroj/číselníky/ford/položky/40301,40301,Veterinary science,https://data.mvcr.gov.cz/zdroj/číselníky/ford/položky/40300
https://data.mvcr.gov.cz/zdroj/číselníky/ford,Fields of Research and Development classification (FORD) - Frascati manual,https://data.mvcr.gov.cz/zdroj/číselníky/ford/položky/40401,40401,Agricultural biotechnology and food biotechnology,https://data.mvcr.gov.cz/zdroj/číselníky/ford/položky/40400
https://data.mvcr.gov.cz/zdroj/číselníky/ford,Fields of Research and Development classification (FORD) - Frascati manual,https://data.mvcr.gov.cz/zdroj/číselníky/ford/položky/40402,40402,"GM technology (crops and livestock), livestock cloning, marker assisted selection, diagnostics (DNA chips and biosensing devices for the early/accurate detection of diseases) biomass feedstock production technologies, biopharming",https://data.mvcr.gov.cz/zdroj/číselníky/ford/položky/40400
https://data.mvcr.gov.cz/zdroj/číselníky/ford,Fields of Research and Development classification (FORD) - Frascati manual,https://data.mvcr.gov.cz/zdroj/číselníky/ford/položky/40403,40403,Agricultural biotechnology related ethics,https://data.mvcr.gov.cz/zdroj/číselníky/ford/položky/40400
https://data.mvcr.gov.cz/zdroj/číselníky/ford,Fields of Research and Development classification (FORD) - Frascati manual,https://data.mvcr.gov.cz/zdroj/číselníky/ford/položky/50101,50101,Psychology (including human - machine relations),https://data.mvcr.gov.cz/zdroj/číselníky/ford/položky/50100
https://data.mvcr.gov.cz/zdroj/číselníky/ford,Fields of Research and Development classification (FORD) - Frascati manual,https://data.mvcr.gov.cz/zdroj/číselníky/ford/položky/50102,50102,"Psychology, special (including therapy for learning, speech, hearing, visual and other physical and mental disabilities);",https://data.mvcr.gov.cz/zdroj/číselníky/ford/položky/50100
https://data.mvcr.gov.cz/zdroj/číselníky/ford,Fields of Research and Development classification (FORD) - Frascati manual,https://data.mvcr.gov.cz/zdroj/číselníky/ford/položky/50103,50103,Cognitive sciences,https://data.mvcr.gov.cz/zdroj/číselníky/ford/položky/50100
https://data.mvcr.gov.cz/zdroj/číselníky/ford,Fields of Research and Development classification (FORD) - Frascati manual,https://data.mvcr.gov.cz/zdroj/číselníky/ford/položky/50201,50201,Economic Theory,https://data.mvcr.gov.cz/zdroj/číselníky/ford/položky/50200
https://data.mvcr.gov.cz/zdroj/číselníky/ford,Fields of Research and Development classification (FORD) - Frascati manual,https://data.mvcr.gov.cz/zdroj/číselníky/ford/položky/50202,50202,"Applied Economics, Econometrics",https://data.mvcr.gov.cz/zdroj/číselníky/ford/položky/50200
https://data.mvcr.gov.cz/zdroj/číselníky/ford,Fields of Research and Development classification (FORD) - Frascati manual,https://data.mvcr.gov.cz/zdroj/číselníky/ford/položky/50203,50203,Industrial relations,https://data.mvcr.gov.cz/zdroj/číselníky/ford/položky/50200
https://data.mvcr.gov.cz/zdroj/číselníky/ford,Fields of Research and Development classification (FORD) - Frascati manual,https://data.mvcr.gov.cz/zdroj/číselníky/ford/položky/50204,50204,Business and management,https://data.mvcr.gov.cz/zdroj/číselníky/ford/položky/50200
https://data.mvcr.gov.cz/zdroj/číselníky/ford,Fields of Research and Development classification (FORD) - Frascati manual,https://data.mvcr.gov.cz/zdroj/číselníky/ford/položky/50205,50205,Accounting,https://data.mvcr.gov.cz/zdroj/číselníky/ford/položky/50200
https://data.mvcr.gov.cz/zdroj/číselníky/ford,Fields of Research and Development classification (FORD) - Frascati manual,https://data.mvcr.gov.cz/zdroj/číselníky/ford/položky/50206,50206,Finance,https://data.mvcr.gov.cz/zdroj/číselníky/ford/položky/50200
https://data.mvcr.gov.cz/zdroj/číselníky/ford,Fields of Research and Development classification (FORD) - Frascati manual,https://data.mvcr.gov.cz/zdroj/číselníky/ford/položky/50301,50301,"Education, general; including training, pedagogy, didactics [and education systems]",https://data.mvcr.gov.cz/zdroj/číselníky/ford/položky/50300
https://data.mvcr.gov.cz/zdroj/číselníky/ford,Fields of Research and Development classification (FORD) - Frascati manual,https://data.mvcr.gov.cz/zdroj/číselníky/ford/položky/50302,50302,"Education, special (to gifted persons, those with learning disabilities)",https://data.mvcr.gov.cz/zdroj/číselníky/ford/položky/50300
https://data.mvcr.gov.cz/zdroj/číselníky/ford,Fields of Research and Development classification (FORD) - Frascati manual,https://data.mvcr.gov.cz/zdroj/číselníky/ford/položky/50401,50401,Sociology,https://data.mvcr.gov.cz/zdroj/číselníky/ford/položky/50400
https://data.mvcr.gov.cz/zdroj/číselníky/ford,Fields of Research and Development classification (FORD) - Frascati manual,https://data.mvcr.gov.cz/zdroj/číselníky/ford/položky/50402,50402,Demography,https://data.mvcr.gov.cz/zdroj/číselníky/ford/položky/50400
https://data.mvcr.gov.cz/zdroj/číselníky/ford,Fields of Research and Development classification (FORD) - Frascati manual,https://data.mvcr.gov.cz/zdroj/číselníky/ford/položky/50403,50403,Social topics (Women´s and gender studies; Social issues; Family studies; Social work),https://data.mvcr.gov.cz/zdroj/číselníky/ford/položky/50400
https://data.mvcr.gov.cz/zdroj/číselníky/ford,Fields of Research and Development classification (FORD) - Frascati manual,https://data.mvcr.gov.cz/zdroj/číselníky/ford/položky/50404,50404,"Antropology, ethnology",https://data.mvcr.gov.cz/zdroj/číselníky/ford/položky/50400
https://data.mvcr.gov.cz/zdroj/číselníky/ford,Fields of Research and Development classification (FORD) - Frascati manual,https://data.mvcr.gov.cz/zdroj/číselníky/ford/položky/50501,50501,Law,https://data.mvcr.gov.cz/zdroj/číselníky/ford/položky/50500
https://data.mvcr.gov.cz/zdroj/číselníky/ford,Fields of Research and Development classification (FORD) - Frascati manual,https://data.mvcr.gov.cz/zdroj/číselníky/ford/položky/50502,50502,"Criminology, penology",https://data.mvcr.gov.cz/zdroj/číselníky/ford/položky/50500
https://data.mvcr.gov.cz/zdroj/číselníky/ford,Fields of Research and Development classification (FORD) - Frascati manual,https://data.mvcr.gov.cz/zdroj/číselníky/ford/položky/50601,50601,Political science,https://data.mvcr.gov.cz/zdroj/číselníky/ford/položky/50600
https://data.mvcr.gov.cz/zdroj/číselníky/ford,Fields of Research and Development classification (FORD) - Frascati manual,https://data.mvcr.gov.cz/zdroj/číselníky/ford/položky/50602,50602,Public administration,https://data.mvcr.gov.cz/zdroj/číselníky/ford/položky/50600
https://data.mvcr.gov.cz/zdroj/číselníky/ford,Fields of Research and Development classification (FORD) - Frascati manual,https://data.mvcr.gov.cz/zdroj/číselníky/ford/položky/50603,50603,Organisation theory,https://data.mvcr.gov.cz/zdroj/číselníky/ford/položky/50600
https://data.mvcr.gov.cz/zdroj/číselníky/ford,Fields of Research and Development classification (FORD) - Frascati manual,https://data.mvcr.gov.cz/zdroj/číselníky/ford/položky/50701,50701,Cultural and economic geography,https://data.mvcr.gov.cz/zdroj/číselníky/ford/položky/50700
https://data.mvcr.gov.cz/zdroj/číselníky/ford,Fields of Research and Development classification (FORD) - Frascati manual,https://data.mvcr.gov.cz/zdroj/číselníky/ford/položky/50702,50702,Urban studies (planning and development),https://data.mvcr.gov.cz/zdroj/číselníky/ford/položky/50700
https://data.mvcr.gov.cz/zdroj/číselníky/ford,Fields of Research and Development classification (FORD) - Frascati manual,https://data.mvcr.gov.cz/zdroj/číselníky/ford/položky/50703,50703,Transport planning and social aspects of transport (transport engineering to be 2.1),https://data.mvcr.gov.cz/zdroj/číselníky/ford/položky/50700
https://data.mvcr.gov.cz/zdroj/číselníky/ford,Fields of Research and Development classification (FORD) - Frascati manual,https://data.mvcr.gov.cz/zdroj/číselníky/ford/položky/50704,50704,Environmental sciences (social aspects),https://data.mvcr.gov.cz/zdroj/číselníky/ford/položky/50700
https://data.mvcr.gov.cz/zdroj/číselníky/ford,Fields of Research and Development classification (FORD) - Frascati manual,https://data.mvcr.gov.cz/zdroj/číselníky/ford/položky/50801,50801,Journalism,https://data.mvcr.gov.cz/zdroj/číselníky/ford/položky/50800
https://data.mvcr.gov.cz/zdroj/číselníky/ford,Fields of Research and Development classification (FORD) - Frascati manual,https://data.mvcr.gov.cz/zdroj/číselníky/ford/položky/50802,50802,Media and socio-cultural communication,https://data.mvcr.gov.cz/zdroj/číselníky/ford/položky/50800
https://data.mvcr.gov.cz/zdroj/číselníky/ford,Fields of Research and Development classification (FORD) - Frascati manual,https://data.mvcr.gov.cz/zdroj/číselníky/ford/položky/50803,50803,Information science (social aspects),https://data.mvcr.gov.cz/zdroj/číselníky/ford/položky/50800
https://data.mvcr.gov.cz/zdroj/číselníky/ford,Fields of Research and Development classification (FORD) - Frascati manual,https://data.mvcr.gov.cz/zdroj/číselníky/ford/položky/50804,50804,Library science,https://data.mvcr.gov.cz/zdroj/číselníky/ford/položky/50800
https://data.mvcr.gov.cz/zdroj/číselníky/ford,Fields of Research and Development classification (FORD) - Frascati manual,https://data.mvcr.gov.cz/zdroj/číselníky/ford/položky/50901,50901,Other social sciences,https://data.mvcr.gov.cz/zdroj/číselníky/ford/položky/50900
https://data.mvcr.gov.cz/zdroj/číselníky/ford,Fields of Research and Development classification (FORD) - Frascati manual,https://data.mvcr.gov.cz/zdroj/číselníky/ford/položky/50902,50902,"Social sciences, interdisciplinary",https://data.mvcr.gov.cz/zdroj/číselníky/ford/položky/50900
https://data.mvcr.gov.cz/zdroj/číselníky/ford,Fields of Research and Development classification (FORD) - Frascati manual,https://data.mvcr.gov.cz/zdroj/číselníky/ford/položky/60101,60101,"History (history of science and technology to be 6.3, history of specific sciences to be under the respective headings)",https://data.mvcr.gov.cz/zdroj/číselníky/ford/položky/60100
https://data.mvcr.gov.cz/zdroj/číselníky/ford,Fields of Research and Development classification (FORD) - Frascati manual,https://data.mvcr.gov.cz/zdroj/číselníky/ford/položky/60102,60102,Archaeology,https://data.mvcr.gov.cz/zdroj/číselníky/ford/položky/60100
https://data.mvcr.gov.cz/zdroj/číselníky/ford,Fields of Research and Development classification (FORD) - Frascati manual,https://data.mvcr.gov.cz/zdroj/číselníky/ford/položky/60201,60201,General language studies,https://data.mvcr.gov.cz/zdroj/číselníky/ford/položky/60200
https://data.mvcr.gov.cz/zdroj/číselníky/ford,Fields of Research and Development classification (FORD) - Frascati manual,https://data.mvcr.gov.cz/zdroj/číselníky/ford/položky/60202,60202,Specific languages,https://data.mvcr.gov.cz/zdroj/číselníky/ford/položky/60200
https://data.mvcr.gov.cz/zdroj/číselníky/ford,Fields of Research and Development classification (FORD) - Frascati manual,https://data.mvcr.gov.cz/zdroj/číselníky/ford/položky/60203,60203,Linguistics,https://data.mvcr.gov.cz/zdroj/číselníky/ford/položky/60200
https://data.mvcr.gov.cz/zdroj/číselníky/ford,Fields of Research and Development classification (FORD) - Frascati manual,https://data.mvcr.gov.cz/zdroj/číselníky/ford/položky/60204,60204,General literature studies,https://data.mvcr.gov.cz/zdroj/číselníky/ford/položky/60200
https://data.mvcr.gov.cz/zdroj/číselníky/ford,Fields of Research and Development classification (FORD) - Frascati manual,https://data.mvcr.gov.cz/zdroj/číselníky/ford/položky/60205,60205,Literary theory,https://data.mvcr.gov.cz/zdroj/číselníky/ford/položky/60200
https://data.mvcr.gov.cz/zdroj/číselníky/ford,Fields of Research and Development classification (FORD) - Frascati manual,https://data.mvcr.gov.cz/zdroj/číselníky/ford/položky/60206,60206,Specific literatures,https://data.mvcr.gov.cz/zdroj/číselníky/ford/položky/60200
https://data.mvcr.gov.cz/zdroj/číselníky/ford,Fields of Research and Development classification (FORD) - Frascati manual,https://data.mvcr.gov.cz/zdroj/číselníky/ford/položky/60301,60301,"Philosophy, History and Philosophy of science and technology",https://data.mvcr.gov.cz/zdroj/číselníky/ford/položky/60300
https://data.mvcr.gov.cz/zdroj/číselníky/ford,Fields of Research and Development classification (FORD) - Frascati manual,https://data.mvcr.gov.cz/zdroj/číselníky/ford/položky/60302,60302,Ethics (except ethics related to specific subfields),https://data.mvcr.gov.cz/zdroj/číselníky/ford/položky/60300
https://data.mvcr.gov.cz/zdroj/číselníky/ford,Fields of Research and Development classification (FORD) - Frascati manual,https://data.mvcr.gov.cz/zdroj/číselníky/ford/položky/60303,60303,Theology,https://data.mvcr.gov.cz/zdroj/číselníky/ford/položky/60300
https://data.mvcr.gov.cz/zdroj/číselníky/ford,Fields of Research and Development classification (FORD) - Frascati manual,https://data.mvcr.gov.cz/zdroj/číselníky/ford/položky/60304,60304,Religious studies,https://data.mvcr.gov.cz/zdroj/číselníky/ford/položky/60300
https://data.mvcr.gov.cz/zdroj/číselníky/ford,Fields of Research and Development classification (FORD) - Frascati manual,https://data.mvcr.gov.cz/zdroj/číselníky/ford/položky/60401,60401,"Arts, Art history",https://data.mvcr.gov.cz/zdroj/číselníky/ford/položky/60400
https://data.mvcr.gov.cz/zdroj/číselníky/ford,Fields of Research and Development classification (FORD) - Frascati manual,https://data.mvcr.gov.cz/zdroj/číselníky/ford/položky/60402,60402,Architectural design,https://data.mvcr.gov.cz/zdroj/číselníky/ford/položky/60400
https://data.mvcr.gov.cz/zdroj/číselníky/ford,Fields of Research and Development classification (FORD) - Frascati manual,https://data.mvcr.gov.cz/zdroj/číselníky/ford/položky/60403,60403,"Performing arts studies (Musicology, Theater science, Dramaturgy)",https://data.mvcr.gov.cz/zdroj/číselníky/ford/položky/60400
https://data.mvcr.gov.cz/zdroj/číselníky/ford,Fields of Research and Development classification (FORD) - Frascati manual,https://data.mvcr.gov.cz/zdroj/číselníky/ford/položky/60404,60404,Folklore studies,https://data.mvcr.gov.cz/zdroj/číselníky/ford/položky/60400
https://data.mvcr.gov.cz/zdroj/číselníky/ford,Fields of Research and Development classification (FORD) - Frascati manual,https://data.mvcr.gov.cz/zdroj/číselníky/ford/položky/60405,60405,"Studies on Film, Radio and Television",https://data.mvcr.gov.cz/zdroj/číselníky/ford/položky/60400
https://data.mvcr.gov.cz/zdroj/číselníky/ford,Fields of Research and Development classification (FORD) - Frascati manual,https://data.mvcr.gov.cz/zdroj/číselníky/ford/položky/10000,10000,1. Natural Sciences,
https://data.mvcr.gov.cz/zdroj/číselníky/ford,Fields of Research and Development classification (FORD) - Frascati manual,https://data.mvcr.gov.cz/zdroj/číselníky/ford/položky/20000,20000,2. Engineering and Technology,
https://data.mvcr.gov.cz/zdroj/číselníky/ford,Fields of Research and Development classification (FORD) - Frascati manual,https://data.mvcr.gov.cz/zdroj/číselníky/ford/položky/30000,30000,3. Medical and Health Sciences,
https://data.mvcr.gov.cz/zdroj/číselníky/ford,Fields of Research and Development classification (FORD) - Frascati manual,https://data.mvcr.gov.cz/zdroj/číselníky/ford/položky/40000,40000,4. Agricultural and veterinary sciences,
https://data.mvcr.gov.cz/zdroj/číselníky/ford,Fields of Research and Development classification (FORD) - Frascati manual,https://data.mvcr.gov.cz/zdroj/číselníky/ford/položky/50000,50000,5. Social Sciences,
https://data.mvcr.gov.cz/zdroj/číselníky/ford,Fields of Research and Development classification (FORD) - Frascati manual,https://data.mvcr.gov.cz/zdroj/číselníky/ford/položky/60000,60000,6. Humanities and the Arts,
