číselník,číselník_název_cs,položka,položka_kód,položka_název_cs
https://data.mvcr.gov.cz/zdroj/číselníky/klasifikace-výzkumných-oborů,Klasifikace oborů ISVaV,https://data.mvcr.gov.cz/zdroj/číselníky/klasifikace-výzkumných-oborů/položky/A,A,Společenské vědy
https://data.mvcr.gov.cz/zdroj/číselníky/klasifikace-výzkumných-oborů,Klasifikace oborů ISVaV,https://data.mvcr.gov.cz/zdroj/číselníky/klasifikace-výzkumných-oborů/položky/B,B,Fyzika a matematika
https://data.mvcr.gov.cz/zdroj/číselníky/klasifikace-výzkumných-oborů,Klasifikace oborů ISVaV,https://data.mvcr.gov.cz/zdroj/číselníky/klasifikace-výzkumných-oborů/položky/C,C,Chemie
https://data.mvcr.gov.cz/zdroj/číselníky/klasifikace-výzkumných-oborů,Klasifikace oborů ISVaV,https://data.mvcr.gov.cz/zdroj/číselníky/klasifikace-výzkumných-oborů/položky/D,D,Vědy o zemi
https://data.mvcr.gov.cz/zdroj/číselníky/klasifikace-výzkumných-oborů,Klasifikace oborů ISVaV,https://data.mvcr.gov.cz/zdroj/číselníky/klasifikace-výzkumných-oborů/položky/E,E,Biovědy
https://data.mvcr.gov.cz/zdroj/číselníky/klasifikace-výzkumných-oborů,Klasifikace oborů ISVaV,https://data.mvcr.gov.cz/zdroj/číselníky/klasifikace-výzkumných-oborů/položky/F,F,Lékařské vědy
https://data.mvcr.gov.cz/zdroj/číselníky/klasifikace-výzkumných-oborů,Klasifikace oborů ISVaV,https://data.mvcr.gov.cz/zdroj/číselníky/klasifikace-výzkumných-oborů/položky/G,G,Zemědělství
https://data.mvcr.gov.cz/zdroj/číselníky/klasifikace-výzkumných-oborů,Klasifikace oborů ISVaV,https://data.mvcr.gov.cz/zdroj/číselníky/klasifikace-výzkumných-oborů/položky/I,I,Informatika
https://data.mvcr.gov.cz/zdroj/číselníky/klasifikace-výzkumných-oborů,Klasifikace oborů ISVaV,https://data.mvcr.gov.cz/zdroj/číselníky/klasifikace-výzkumných-oborů/položky/J,J,Průmysl
https://data.mvcr.gov.cz/zdroj/číselníky/klasifikace-výzkumných-oborů,Klasifikace oborů ISVaV,https://data.mvcr.gov.cz/zdroj/číselníky/klasifikace-výzkumných-oborů/položky/K,K,Vojenství
https://data.mvcr.gov.cz/zdroj/číselníky/klasifikace-výzkumných-oborů,Klasifikace oborů ISVaV,https://data.mvcr.gov.cz/zdroj/číselníky/klasifikace-výzkumných-oborů/položky/AA,AA,Filosofie a náboženství
https://data.mvcr.gov.cz/zdroj/číselníky/klasifikace-výzkumných-oborů,Klasifikace oborů ISVaV,https://data.mvcr.gov.cz/zdroj/číselníky/klasifikace-výzkumných-oborů/položky/AB,AB,Dějiny
https://data.mvcr.gov.cz/zdroj/číselníky/klasifikace-výzkumných-oborů,Klasifikace oborů ISVaV,https://data.mvcr.gov.cz/zdroj/číselníky/klasifikace-výzkumných-oborů/položky/AC,AC,"Archeologie, antropologie, etnologie"
https://data.mvcr.gov.cz/zdroj/číselníky/klasifikace-výzkumných-oborů,Klasifikace oborů ISVaV,https://data.mvcr.gov.cz/zdroj/číselníky/klasifikace-výzkumných-oborů/položky/AD,AD,Politologie a politické vědy
https://data.mvcr.gov.cz/zdroj/číselníky/klasifikace-výzkumných-oborů,Klasifikace oborů ISVaV,https://data.mvcr.gov.cz/zdroj/číselníky/klasifikace-výzkumných-oborů/položky/AE,AE,"Řízení, správa a administrativa"
https://data.mvcr.gov.cz/zdroj/číselníky/klasifikace-výzkumných-oborů,Klasifikace oborů ISVaV,https://data.mvcr.gov.cz/zdroj/číselníky/klasifikace-výzkumných-oborů/položky/AF,AF,"Dokumentace, knihovnictví, práce s informacemi"
https://data.mvcr.gov.cz/zdroj/číselníky/klasifikace-výzkumných-oborů,Klasifikace oborů ISVaV,https://data.mvcr.gov.cz/zdroj/číselníky/klasifikace-výzkumných-oborů/položky/AG,AG,Právní vědy
https://data.mvcr.gov.cz/zdroj/číselníky/klasifikace-výzkumných-oborů,Klasifikace oborů ISVaV,https://data.mvcr.gov.cz/zdroj/číselníky/klasifikace-výzkumných-oborů/položky/AH,AH,Ekonomie
https://data.mvcr.gov.cz/zdroj/číselníky/klasifikace-výzkumných-oborů,Klasifikace oborů ISVaV,https://data.mvcr.gov.cz/zdroj/číselníky/klasifikace-výzkumných-oborů/položky/AI,AI,Jazykověda
https://data.mvcr.gov.cz/zdroj/číselníky/klasifikace-výzkumných-oborů,Klasifikace oborů ISVaV,https://data.mvcr.gov.cz/zdroj/číselníky/klasifikace-výzkumných-oborů/položky/AJ,AJ,"Písemnictví, mas–media, audiovize"
https://data.mvcr.gov.cz/zdroj/číselníky/klasifikace-výzkumných-oborů,Klasifikace oborů ISVaV,https://data.mvcr.gov.cz/zdroj/číselníky/klasifikace-výzkumných-oborů/položky/AK,AK,Sport a aktivity volného času
https://data.mvcr.gov.cz/zdroj/číselníky/klasifikace-výzkumných-oborů,Klasifikace oborů ISVaV,https://data.mvcr.gov.cz/zdroj/číselníky/klasifikace-výzkumných-oborů/položky/AL,AL,"Umění, architektura, kulturní dědictví"
https://data.mvcr.gov.cz/zdroj/číselníky/klasifikace-výzkumných-oborů,Klasifikace oborů ISVaV,https://data.mvcr.gov.cz/zdroj/číselníky/klasifikace-výzkumných-oborů/položky/AM,AM,Pedagogika a školství
https://data.mvcr.gov.cz/zdroj/číselníky/klasifikace-výzkumných-oborů,Klasifikace oborů ISVaV,https://data.mvcr.gov.cz/zdroj/číselníky/klasifikace-výzkumných-oborů/položky/AN,AN,Psychologie
https://data.mvcr.gov.cz/zdroj/číselníky/klasifikace-výzkumných-oborů,Klasifikace oborů ISVaV,https://data.mvcr.gov.cz/zdroj/číselníky/klasifikace-výzkumných-oborů/položky/AO,AO,"Sociologie, demografie"
https://data.mvcr.gov.cz/zdroj/číselníky/klasifikace-výzkumných-oborů,Klasifikace oborů ISVaV,https://data.mvcr.gov.cz/zdroj/číselníky/klasifikace-výzkumných-oborů/položky/AP,AP,"Městské, oblastní a dopravní plánování"
https://data.mvcr.gov.cz/zdroj/číselníky/klasifikace-výzkumných-oborů,Klasifikace oborů ISVaV,https://data.mvcr.gov.cz/zdroj/číselníky/klasifikace-výzkumných-oborů/položky/AQ,AQ,"Bezpečnost a ochrana zdraví, člověk – stroj"
https://data.mvcr.gov.cz/zdroj/číselníky/klasifikace-výzkumných-oborů,Klasifikace oborů ISVaV,https://data.mvcr.gov.cz/zdroj/číselníky/klasifikace-výzkumných-oborů/položky/BA,BA,Obecná matematika
https://data.mvcr.gov.cz/zdroj/číselníky/klasifikace-výzkumných-oborů,Klasifikace oborů ISVaV,https://data.mvcr.gov.cz/zdroj/číselníky/klasifikace-výzkumných-oborů/položky/BB,BB,"Aplikovaná statistika, operační výzkum"
https://data.mvcr.gov.cz/zdroj/číselníky/klasifikace-výzkumných-oborů,Klasifikace oborů ISVaV,https://data.mvcr.gov.cz/zdroj/číselníky/klasifikace-výzkumných-oborů/položky/BC,BC,Teorie a systémy řízení
https://data.mvcr.gov.cz/zdroj/číselníky/klasifikace-výzkumných-oborů,Klasifikace oborů ISVaV,https://data.mvcr.gov.cz/zdroj/číselníky/klasifikace-výzkumných-oborů/položky/BD,BD,Teorie informace
https://data.mvcr.gov.cz/zdroj/číselníky/klasifikace-výzkumných-oborů,Klasifikace oborů ISVaV,https://data.mvcr.gov.cz/zdroj/číselníky/klasifikace-výzkumných-oborů/položky/BE,BE,Teoretická fyzika
https://data.mvcr.gov.cz/zdroj/číselníky/klasifikace-výzkumných-oborů,Klasifikace oborů ISVaV,https://data.mvcr.gov.cz/zdroj/číselníky/klasifikace-výzkumných-oborů/položky/BF,BF,Elementární částice a fyzika vysokých energií
https://data.mvcr.gov.cz/zdroj/číselníky/klasifikace-výzkumných-oborů,Klasifikace oborů ISVaV,https://data.mvcr.gov.cz/zdroj/číselníky/klasifikace-výzkumných-oborů/položky/BG,BG,"Jaderná, atomová a molekulová fyzika, urychlovače"
https://data.mvcr.gov.cz/zdroj/číselníky/klasifikace-výzkumných-oborů,Klasifikace oborů ISVaV,https://data.mvcr.gov.cz/zdroj/číselníky/klasifikace-výzkumných-oborů/položky/BH,BH,"Optika, masery a lasery"
https://data.mvcr.gov.cz/zdroj/číselníky/klasifikace-výzkumných-oborů,Klasifikace oborů ISVaV,https://data.mvcr.gov.cz/zdroj/číselníky/klasifikace-výzkumných-oborů/položky/BI,BI,Akustika a kmity
https://data.mvcr.gov.cz/zdroj/číselníky/klasifikace-výzkumných-oborů,Klasifikace oborů ISVaV,https://data.mvcr.gov.cz/zdroj/číselníky/klasifikace-výzkumných-oborů/položky/BJ,BJ,Termodynamika
https://data.mvcr.gov.cz/zdroj/číselníky/klasifikace-výzkumných-oborů,Klasifikace oborů ISVaV,https://data.mvcr.gov.cz/zdroj/číselníky/klasifikace-výzkumných-oborů/položky/BK,BK,Mechanika tekutin
https://data.mvcr.gov.cz/zdroj/číselníky/klasifikace-výzkumných-oborů,Klasifikace oborů ISVaV,https://data.mvcr.gov.cz/zdroj/číselníky/klasifikace-výzkumných-oborů/položky/BL,BL,Fyzika plasmatu a výboje v plynech
https://data.mvcr.gov.cz/zdroj/číselníky/klasifikace-výzkumných-oborů,Klasifikace oborů ISVaV,https://data.mvcr.gov.cz/zdroj/číselníky/klasifikace-výzkumných-oborů/položky/BM,BM,Fyzika pevných látek a magnetismus
https://data.mvcr.gov.cz/zdroj/číselníky/klasifikace-výzkumných-oborů,Klasifikace oborů ISVaV,https://data.mvcr.gov.cz/zdroj/číselníky/klasifikace-výzkumných-oborů/položky/BN,BN,"Astronomie a nebeská mechanika, astrofyzika"
https://data.mvcr.gov.cz/zdroj/číselníky/klasifikace-výzkumných-oborů,Klasifikace oborů ISVaV,https://data.mvcr.gov.cz/zdroj/číselníky/klasifikace-výzkumných-oborů/položky/BO,BO,Biofyzika
https://data.mvcr.gov.cz/zdroj/číselníky/klasifikace-výzkumných-oborů,Klasifikace oborů ISVaV,https://data.mvcr.gov.cz/zdroj/číselníky/klasifikace-výzkumných-oborů/položky/CA,CA,Anorganická chemie
https://data.mvcr.gov.cz/zdroj/číselníky/klasifikace-výzkumných-oborů,Klasifikace oborů ISVaV,https://data.mvcr.gov.cz/zdroj/číselníky/klasifikace-výzkumných-oborů/položky/CB,CB,"Analytická chemie, separace"
https://data.mvcr.gov.cz/zdroj/číselníky/klasifikace-výzkumných-oborů,Klasifikace oborů ISVaV,https://data.mvcr.gov.cz/zdroj/číselníky/klasifikace-výzkumných-oborů/položky/CC,CC,Organická chemie
https://data.mvcr.gov.cz/zdroj/číselníky/klasifikace-výzkumných-oborů,Klasifikace oborů ISVaV,https://data.mvcr.gov.cz/zdroj/číselníky/klasifikace-výzkumných-oborů/položky/CD,CD,Makromolekulární chemie
https://data.mvcr.gov.cz/zdroj/číselníky/klasifikace-výzkumných-oborů,Klasifikace oborů ISVaV,https://data.mvcr.gov.cz/zdroj/číselníky/klasifikace-výzkumných-oborů/položky/CE,CE,Biochemie
https://data.mvcr.gov.cz/zdroj/číselníky/klasifikace-výzkumných-oborů,Klasifikace oborů ISVaV,https://data.mvcr.gov.cz/zdroj/číselníky/klasifikace-výzkumných-oborů/položky/CF,CF,Fyzikální chemie a teoretická chemie
https://data.mvcr.gov.cz/zdroj/číselníky/klasifikace-výzkumných-oborů,Klasifikace oborů ISVaV,https://data.mvcr.gov.cz/zdroj/číselníky/klasifikace-výzkumných-oborů/položky/CG,CG,Elektrochemie
https://data.mvcr.gov.cz/zdroj/číselníky/klasifikace-výzkumných-oborů,Klasifikace oborů ISVaV,https://data.mvcr.gov.cz/zdroj/číselníky/klasifikace-výzkumných-oborů/položky/CH,CH,"Jaderná a kvantová chemie, fotochemie"
https://data.mvcr.gov.cz/zdroj/číselníky/klasifikace-výzkumných-oborů,Klasifikace oborů ISVaV,https://data.mvcr.gov.cz/zdroj/číselníky/klasifikace-výzkumných-oborů/položky/CI,CI,Průmyslová chemie a chemické inženýrství
https://data.mvcr.gov.cz/zdroj/číselníky/klasifikace-výzkumných-oborů,Klasifikace oborů ISVaV,https://data.mvcr.gov.cz/zdroj/číselníky/klasifikace-výzkumných-oborů/položky/DA,DA,Hydrologie a limnologie
https://data.mvcr.gov.cz/zdroj/číselníky/klasifikace-výzkumných-oborů,Klasifikace oborů ISVaV,https://data.mvcr.gov.cz/zdroj/číselníky/klasifikace-výzkumných-oborů/položky/DB,DB,Geologie a mineralogie
https://data.mvcr.gov.cz/zdroj/číselníky/klasifikace-výzkumných-oborů,Klasifikace oborů ISVaV,https://data.mvcr.gov.cz/zdroj/číselníky/klasifikace-výzkumných-oborů/položky/DC,DC,"Seismologie, vulkanologie a struktura Země"
https://data.mvcr.gov.cz/zdroj/číselníky/klasifikace-výzkumných-oborů,Klasifikace oborů ISVaV,https://data.mvcr.gov.cz/zdroj/číselníky/klasifikace-výzkumných-oborů/položky/DD,DD,Geochemie
https://data.mvcr.gov.cz/zdroj/číselníky/klasifikace-výzkumných-oborů,Klasifikace oborů ISVaV,https://data.mvcr.gov.cz/zdroj/číselníky/klasifikace-výzkumných-oborů/položky/DE,DE,"Zemský magnetismus, geodesie, geografie"
https://data.mvcr.gov.cz/zdroj/číselníky/klasifikace-výzkumných-oborů,Klasifikace oborů ISVaV,https://data.mvcr.gov.cz/zdroj/číselníky/klasifikace-výzkumných-oborů/položky/DF,DF,Pedologie
https://data.mvcr.gov.cz/zdroj/číselníky/klasifikace-výzkumných-oborů,Klasifikace oborů ISVaV,https://data.mvcr.gov.cz/zdroj/číselníky/klasifikace-výzkumných-oborů/položky/DG,DG,"Vědy o atmosféře, meteorologie"
https://data.mvcr.gov.cz/zdroj/číselníky/klasifikace-výzkumných-oborů,Klasifikace oborů ISVaV,https://data.mvcr.gov.cz/zdroj/číselníky/klasifikace-výzkumných-oborů/položky/DH,DH,Báňský průmysl včetně těžby a zpracování uhlí
https://data.mvcr.gov.cz/zdroj/číselníky/klasifikace-výzkumných-oborů,Klasifikace oborů ISVaV,https://data.mvcr.gov.cz/zdroj/číselníky/klasifikace-výzkumných-oborů/položky/DI,DI,Znečištění a kontrola vzduchu
https://data.mvcr.gov.cz/zdroj/číselníky/klasifikace-výzkumných-oborů,Klasifikace oborů ISVaV,https://data.mvcr.gov.cz/zdroj/číselníky/klasifikace-výzkumných-oborů/položky/DJ,DJ,Znečištění a kontrola vody
https://data.mvcr.gov.cz/zdroj/číselníky/klasifikace-výzkumných-oborů,Klasifikace oborů ISVaV,https://data.mvcr.gov.cz/zdroj/číselníky/klasifikace-výzkumných-oborů/položky/DK,DK,Kontaminace a dekontaminace půdy včetně pesticidů
https://data.mvcr.gov.cz/zdroj/číselníky/klasifikace-výzkumných-oborů,Klasifikace oborů ISVaV,https://data.mvcr.gov.cz/zdroj/číselníky/klasifikace-výzkumných-oborů/položky/DL,DL,"Jaderné odpady, radioaktivní znečištění a kontrola"
https://data.mvcr.gov.cz/zdroj/číselníky/klasifikace-výzkumných-oborů,Klasifikace oborů ISVaV,https://data.mvcr.gov.cz/zdroj/číselníky/klasifikace-výzkumných-oborů/položky/DM,DM,"Tuhý odpad a jeho kontrola, recyklace"
https://data.mvcr.gov.cz/zdroj/číselníky/klasifikace-výzkumných-oborů,Klasifikace oborů ISVaV,https://data.mvcr.gov.cz/zdroj/číselníky/klasifikace-výzkumných-oborů/položky/DN,DN,Vliv životního prostředí na zdraví
https://data.mvcr.gov.cz/zdroj/číselníky/klasifikace-výzkumných-oborů,Klasifikace oborů ISVaV,https://data.mvcr.gov.cz/zdroj/číselníky/klasifikace-výzkumných-oborů/položky/DO,DO,Ochrana krajinných území
https://data.mvcr.gov.cz/zdroj/číselníky/klasifikace-výzkumných-oborů,Klasifikace oborů ISVaV,https://data.mvcr.gov.cz/zdroj/číselníky/klasifikace-výzkumných-oborů/položky/EA,EA,Morfologické obory a cytologie
https://data.mvcr.gov.cz/zdroj/číselníky/klasifikace-výzkumných-oborů,Klasifikace oborů ISVaV,https://data.mvcr.gov.cz/zdroj/číselníky/klasifikace-výzkumných-oborů/položky/EB,EB,Genetika a molekulární biologie
https://data.mvcr.gov.cz/zdroj/číselníky/klasifikace-výzkumných-oborů,Klasifikace oborů ISVaV,https://data.mvcr.gov.cz/zdroj/číselníky/klasifikace-výzkumných-oborů/položky/EC,EC,Imunologie
https://data.mvcr.gov.cz/zdroj/číselníky/klasifikace-výzkumných-oborů,Klasifikace oborů ISVaV,https://data.mvcr.gov.cz/zdroj/číselníky/klasifikace-výzkumných-oborů/položky/ED,ED,Fyziologie
https://data.mvcr.gov.cz/zdroj/číselníky/klasifikace-výzkumných-oborů,Klasifikace oborů ISVaV,https://data.mvcr.gov.cz/zdroj/číselníky/klasifikace-výzkumných-oborů/položky/EE,EE,"Mikrobiologie, virologie"
https://data.mvcr.gov.cz/zdroj/číselníky/klasifikace-výzkumných-oborů,Klasifikace oborů ISVaV,https://data.mvcr.gov.cz/zdroj/číselníky/klasifikace-výzkumných-oborů/položky/EF,EF,Botanika
https://data.mvcr.gov.cz/zdroj/číselníky/klasifikace-výzkumných-oborů,Klasifikace oborů ISVaV,https://data.mvcr.gov.cz/zdroj/číselníky/klasifikace-výzkumných-oborů/položky/EG,EG,Zoologie
https://data.mvcr.gov.cz/zdroj/číselníky/klasifikace-výzkumných-oborů,Klasifikace oborů ISVaV,https://data.mvcr.gov.cz/zdroj/číselníky/klasifikace-výzkumných-oborů/položky/EH,EH,Ekologie – společenstva
https://data.mvcr.gov.cz/zdroj/číselníky/klasifikace-výzkumných-oborů,Klasifikace oborů ISVaV,https://data.mvcr.gov.cz/zdroj/číselníky/klasifikace-výzkumných-oborů/položky/EI,EI,Biotechnologie a bionika
https://data.mvcr.gov.cz/zdroj/číselníky/klasifikace-výzkumných-oborů,Klasifikace oborů ISVaV,https://data.mvcr.gov.cz/zdroj/číselníky/klasifikace-výzkumných-oborů/položky/FA,FA,Kardiovaskulární nemoci včetně kardiochirurgie
https://data.mvcr.gov.cz/zdroj/číselníky/klasifikace-výzkumných-oborů,Klasifikace oborů ISVaV,https://data.mvcr.gov.cz/zdroj/číselníky/klasifikace-výzkumných-oborů/položky/FB,FB,"Endokrinologie, diabetologie, metabolismus, výživa"
https://data.mvcr.gov.cz/zdroj/číselníky/klasifikace-výzkumných-oborů,Klasifikace oborů ISVaV,https://data.mvcr.gov.cz/zdroj/číselníky/klasifikace-výzkumných-oborů/položky/FC,FC,Pneumologie
https://data.mvcr.gov.cz/zdroj/číselníky/klasifikace-výzkumných-oborů,Klasifikace oborů ISVaV,https://data.mvcr.gov.cz/zdroj/číselníky/klasifikace-výzkumných-oborů/položky/FD,FD,Onkologie a hematologie
https://data.mvcr.gov.cz/zdroj/číselníky/klasifikace-výzkumných-oborů,Klasifikace oborů ISVaV,https://data.mvcr.gov.cz/zdroj/číselníky/klasifikace-výzkumných-oborů/položky/FE,FE,Ostatní obory vnitřního lékařství
https://data.mvcr.gov.cz/zdroj/číselníky/klasifikace-výzkumných-oborů,Klasifikace oborů ISVaV,https://data.mvcr.gov.cz/zdroj/číselníky/klasifikace-výzkumných-oborů/položky/FF,FF,"ORL, oftalmologie, stomatologie"
https://data.mvcr.gov.cz/zdroj/číselníky/klasifikace-výzkumných-oborů,Klasifikace oborů ISVaV,https://data.mvcr.gov.cz/zdroj/číselníky/klasifikace-výzkumných-oborů/položky/FG,FG,Pediatrie
https://data.mvcr.gov.cz/zdroj/číselníky/klasifikace-výzkumných-oborů,Klasifikace oborů ISVaV,https://data.mvcr.gov.cz/zdroj/číselníky/klasifikace-výzkumných-oborů/položky/FH,FH,"Neurologie, neurochirurgie, neurovědy"
https://data.mvcr.gov.cz/zdroj/číselníky/klasifikace-výzkumných-oborů,Klasifikace oborů ISVaV,https://data.mvcr.gov.cz/zdroj/číselníky/klasifikace-výzkumných-oborů/položky/FI,FI,Traumatologie a ortopedie
https://data.mvcr.gov.cz/zdroj/číselníky/klasifikace-výzkumných-oborů,Klasifikace oborů ISVaV,https://data.mvcr.gov.cz/zdroj/číselníky/klasifikace-výzkumných-oborů/položky/FJ,FJ,Chirurgie včetně transplantologie
https://data.mvcr.gov.cz/zdroj/číselníky/klasifikace-výzkumných-oborů,Klasifikace oborů ISVaV,https://data.mvcr.gov.cz/zdroj/číselníky/klasifikace-výzkumných-oborů/položky/FK,FK,Gynekologie a porodnictví
https://data.mvcr.gov.cz/zdroj/číselníky/klasifikace-výzkumných-oborů,Klasifikace oborů ISVaV,https://data.mvcr.gov.cz/zdroj/číselníky/klasifikace-výzkumných-oborů/položky/FL,FL,"Psychiatrie, sexuologie"
https://data.mvcr.gov.cz/zdroj/číselníky/klasifikace-výzkumných-oborů,Klasifikace oborů ISVaV,https://data.mvcr.gov.cz/zdroj/číselníky/klasifikace-výzkumných-oborů/položky/FM,FM,Hygiena
https://data.mvcr.gov.cz/zdroj/číselníky/klasifikace-výzkumných-oborů,Klasifikace oborů ISVaV,https://data.mvcr.gov.cz/zdroj/číselníky/klasifikace-výzkumných-oborů/položky/FN,FN,"Epidemiologie, infekční nemoci a klinická imunologie"
https://data.mvcr.gov.cz/zdroj/číselníky/klasifikace-výzkumných-oborů,Klasifikace oborů ISVaV,https://data.mvcr.gov.cz/zdroj/číselníky/klasifikace-výzkumných-oborů/položky/FO,FO,Dermatovenerologie
https://data.mvcr.gov.cz/zdroj/číselníky/klasifikace-výzkumných-oborů,Klasifikace oborů ISVaV,https://data.mvcr.gov.cz/zdroj/číselníky/klasifikace-výzkumných-oborů/položky/FP,FP,Ostatní lékařské obory
https://data.mvcr.gov.cz/zdroj/číselníky/klasifikace-výzkumných-oborů,Klasifikace oborů ISVaV,https://data.mvcr.gov.cz/zdroj/číselníky/klasifikace-výzkumných-oborů/položky/FQ,FQ,"Veřejné zdravotnictví, sociální lékařství"
https://data.mvcr.gov.cz/zdroj/číselníky/klasifikace-výzkumných-oborů,Klasifikace oborů ISVaV,https://data.mvcr.gov.cz/zdroj/číselníky/klasifikace-výzkumných-oborů/položky/FR,FR,Farmakologie a lékárnická chemie
https://data.mvcr.gov.cz/zdroj/číselníky/klasifikace-výzkumných-oborů,Klasifikace oborů ISVaV,https://data.mvcr.gov.cz/zdroj/číselníky/klasifikace-výzkumných-oborů/položky/FS,FS,"Lékařská zařízení, přístroje a vybavení"
https://data.mvcr.gov.cz/zdroj/číselníky/klasifikace-výzkumných-oborů,Klasifikace oborů ISVaV,https://data.mvcr.gov.cz/zdroj/číselníky/klasifikace-výzkumných-oborů/položky/GA,GA,Zemědělská ekonomie
https://data.mvcr.gov.cz/zdroj/číselníky/klasifikace-výzkumných-oborů,Klasifikace oborů ISVaV,https://data.mvcr.gov.cz/zdroj/číselníky/klasifikace-výzkumných-oborů/položky/GB,GB,Zemědělské stroje a stavby
https://data.mvcr.gov.cz/zdroj/číselníky/klasifikace-výzkumných-oborů,Klasifikace oborů ISVaV,https://data.mvcr.gov.cz/zdroj/číselníky/klasifikace-výzkumných-oborů/položky/GC,GC,"Pěstování rostlin, osevní postupy"
https://data.mvcr.gov.cz/zdroj/číselníky/klasifikace-výzkumných-oborů,Klasifikace oborů ISVaV,https://data.mvcr.gov.cz/zdroj/číselníky/klasifikace-výzkumných-oborů/položky/GD,GD,"Hnojení, závlahy, zpracování půdy"
https://data.mvcr.gov.cz/zdroj/číselníky/klasifikace-výzkumných-oborů,Klasifikace oborů ISVaV,https://data.mvcr.gov.cz/zdroj/číselníky/klasifikace-výzkumných-oborů/položky/GE,GE,Šlechtění rostlin
https://data.mvcr.gov.cz/zdroj/číselníky/klasifikace-výzkumných-oborů,Klasifikace oborů ISVaV,https://data.mvcr.gov.cz/zdroj/číselníky/klasifikace-výzkumných-oborů/položky/GF,GF,"Choroby, škůdci, plevely a ochrana rostlin"
https://data.mvcr.gov.cz/zdroj/číselníky/klasifikace-výzkumných-oborů,Klasifikace oborů ISVaV,https://data.mvcr.gov.cz/zdroj/číselníky/klasifikace-výzkumných-oborů/položky/GG,GG,Chov hospodářských zvířat
https://data.mvcr.gov.cz/zdroj/číselníky/klasifikace-výzkumných-oborů,Klasifikace oborů ISVaV,https://data.mvcr.gov.cz/zdroj/číselníky/klasifikace-výzkumných-oborů/položky/GH,GH,Výživa hospodářských zvířat
https://data.mvcr.gov.cz/zdroj/číselníky/klasifikace-výzkumných-oborů,Klasifikace oborů ISVaV,https://data.mvcr.gov.cz/zdroj/číselníky/klasifikace-výzkumných-oborů/položky/GI,GI,Šlechtění a plemenářství hospodářských zvířat
https://data.mvcr.gov.cz/zdroj/číselníky/klasifikace-výzkumných-oborů,Klasifikace oborů ISVaV,https://data.mvcr.gov.cz/zdroj/číselníky/klasifikace-výzkumných-oborů/položky/GJ,GJ,"Choroby a škůdci zvířat, veterinární medicina"
https://data.mvcr.gov.cz/zdroj/číselníky/klasifikace-výzkumných-oborů,Klasifikace oborů ISVaV,https://data.mvcr.gov.cz/zdroj/číselníky/klasifikace-výzkumných-oborů/položky/GK,GK,Lesnictví
https://data.mvcr.gov.cz/zdroj/číselníky/klasifikace-výzkumných-oborů,Klasifikace oborů ISVaV,https://data.mvcr.gov.cz/zdroj/číselníky/klasifikace-výzkumných-oborů/položky/GL,GL,Rybářství
https://data.mvcr.gov.cz/zdroj/číselníky/klasifikace-výzkumných-oborů,Klasifikace oborů ISVaV,https://data.mvcr.gov.cz/zdroj/číselníky/klasifikace-výzkumných-oborů/položky/GM,GM,Potravinářství
https://data.mvcr.gov.cz/zdroj/číselníky/klasifikace-výzkumných-oborů,Klasifikace oborů ISVaV,https://data.mvcr.gov.cz/zdroj/číselníky/klasifikace-výzkumných-oborů/položky/IN,IN,Informatika
https://data.mvcr.gov.cz/zdroj/číselníky/klasifikace-výzkumných-oborů,Klasifikace oborů ISVaV,https://data.mvcr.gov.cz/zdroj/číselníky/klasifikace-výzkumných-oborů/položky/JA,JA,"Elektronika a optoelektronika, elektrotechnika"
https://data.mvcr.gov.cz/zdroj/číselníky/klasifikace-výzkumných-oborů,Klasifikace oborů ISVaV,https://data.mvcr.gov.cz/zdroj/číselníky/klasifikace-výzkumných-oborů/položky/JB,JB,"Senzory, čidla, měření a regulace"
https://data.mvcr.gov.cz/zdroj/číselníky/klasifikace-výzkumných-oborů,Klasifikace oborů ISVaV,https://data.mvcr.gov.cz/zdroj/číselníky/klasifikace-výzkumných-oborů/položky/JC,JC,Počítačový hardware a software
https://data.mvcr.gov.cz/zdroj/číselníky/klasifikace-výzkumných-oborů,Klasifikace oborů ISVaV,https://data.mvcr.gov.cz/zdroj/číselníky/klasifikace-výzkumných-oborů/položky/JD,JD,"Využití počítačů, robotika a její aplikace"
https://data.mvcr.gov.cz/zdroj/číselníky/klasifikace-výzkumných-oborů,Klasifikace oborů ISVaV,https://data.mvcr.gov.cz/zdroj/číselníky/klasifikace-výzkumných-oborů/položky/JE,JE,"Nejaderná energetika, spotřeba a užití energie"
https://data.mvcr.gov.cz/zdroj/číselníky/klasifikace-výzkumných-oborů,Klasifikace oborů ISVaV,https://data.mvcr.gov.cz/zdroj/číselníky/klasifikace-výzkumných-oborů/položky/JF,JF,Jaderná energetika
https://data.mvcr.gov.cz/zdroj/číselníky/klasifikace-výzkumných-oborů,Klasifikace oborů ISVaV,https://data.mvcr.gov.cz/zdroj/číselníky/klasifikace-výzkumných-oborů/položky/JG,JG,"Hutnictví, kovové materiály"
https://data.mvcr.gov.cz/zdroj/číselníky/klasifikace-výzkumných-oborů,Klasifikace oborů ISVaV,https://data.mvcr.gov.cz/zdroj/číselníky/klasifikace-výzkumných-oborů/položky/JH,JH,"Keramika, žáruvzdorné materiály a skla"
https://data.mvcr.gov.cz/zdroj/číselníky/klasifikace-výzkumných-oborů,Klasifikace oborů ISVaV,https://data.mvcr.gov.cz/zdroj/číselníky/klasifikace-výzkumných-oborů/položky/JI,JI,Kompositní materiály
https://data.mvcr.gov.cz/zdroj/číselníky/klasifikace-výzkumných-oborů,Klasifikace oborů ISVaV,https://data.mvcr.gov.cz/zdroj/číselníky/klasifikace-výzkumných-oborů/položky/JJ,JJ,Ostatní materiály
https://data.mvcr.gov.cz/zdroj/číselníky/klasifikace-výzkumných-oborů,Klasifikace oborů ISVaV,https://data.mvcr.gov.cz/zdroj/číselníky/klasifikace-výzkumných-oborů/položky/JK,JK,Koroze a povrchové úpravy materiálu
https://data.mvcr.gov.cz/zdroj/číselníky/klasifikace-výzkumných-oborů,Klasifikace oborů ISVaV,https://data.mvcr.gov.cz/zdroj/číselníky/klasifikace-výzkumných-oborů/položky/JL,JL,Únava materiálu a lomová mechanika
https://data.mvcr.gov.cz/zdroj/číselníky/klasifikace-výzkumných-oborů,Klasifikace oborů ISVaV,https://data.mvcr.gov.cz/zdroj/číselníky/klasifikace-výzkumných-oborů/položky/JM,JM,Inženýrské stavitelství
https://data.mvcr.gov.cz/zdroj/číselníky/klasifikace-výzkumných-oborů,Klasifikace oborů ISVaV,https://data.mvcr.gov.cz/zdroj/číselníky/klasifikace-výzkumných-oborů/položky/JN,JN,Stavebnictví
https://data.mvcr.gov.cz/zdroj/číselníky/klasifikace-výzkumných-oborů,Klasifikace oborů ISVaV,https://data.mvcr.gov.cz/zdroj/číselníky/klasifikace-výzkumných-oborů/položky/JO,JO,Pozemní dopravní systémy a zařízení
https://data.mvcr.gov.cz/zdroj/číselníky/klasifikace-výzkumných-oborů,Klasifikace oborů ISVaV,https://data.mvcr.gov.cz/zdroj/číselníky/klasifikace-výzkumných-oborů/položky/JP,JP,Průmyslové procesy a zpracování
https://data.mvcr.gov.cz/zdroj/číselníky/klasifikace-výzkumných-oborů,Klasifikace oborů ISVaV,https://data.mvcr.gov.cz/zdroj/číselníky/klasifikace-výzkumných-oborů/položky/JQ,JQ,Strojní zařízení a nástroje
https://data.mvcr.gov.cz/zdroj/číselníky/klasifikace-výzkumných-oborů,Klasifikace oborů ISVaV,https://data.mvcr.gov.cz/zdroj/číselníky/klasifikace-výzkumných-oborů/položky/JR,JR,Ostatní strojírenství
https://data.mvcr.gov.cz/zdroj/číselníky/klasifikace-výzkumných-oborů,Klasifikace oborů ISVaV,https://data.mvcr.gov.cz/zdroj/číselníky/klasifikace-výzkumných-oborů/položky/JS,JS,"Řízení spolehlivosti a kvality, zkušebnictví"
https://data.mvcr.gov.cz/zdroj/číselníky/klasifikace-výzkumných-oborů,Klasifikace oborů ISVaV,https://data.mvcr.gov.cz/zdroj/číselníky/klasifikace-výzkumných-oborů/položky/JT,JT,"Pohon, motory a paliva"
https://data.mvcr.gov.cz/zdroj/číselníky/klasifikace-výzkumných-oborů,Klasifikace oborů ISVaV,https://data.mvcr.gov.cz/zdroj/číselníky/klasifikace-výzkumných-oborů/položky/JU,JU,"Aeronautika, aerodynamika, letadla"
https://data.mvcr.gov.cz/zdroj/číselníky/klasifikace-výzkumných-oborů,Klasifikace oborů ISVaV,https://data.mvcr.gov.cz/zdroj/číselníky/klasifikace-výzkumných-oborů/položky/JV,JV,Kosmické technologie
https://data.mvcr.gov.cz/zdroj/číselníky/klasifikace-výzkumných-oborů,Klasifikace oborů ISVaV,https://data.mvcr.gov.cz/zdroj/číselníky/klasifikace-výzkumných-oborů/položky/JW,JW,"Navigace, spojení, detekce a protiopatření"
https://data.mvcr.gov.cz/zdroj/číselníky/klasifikace-výzkumných-oborů,Klasifikace oborů ISVaV,https://data.mvcr.gov.cz/zdroj/číselníky/klasifikace-výzkumných-oborů/položky/JY,JY,"Střelné zbraně, munice, výbušniny, bojová vozidla"
https://data.mvcr.gov.cz/zdroj/číselníky/klasifikace-výzkumných-oborů,Klasifikace oborů ISVaV,https://data.mvcr.gov.cz/zdroj/číselníky/klasifikace-výzkumných-oborů/položky/KA,KA,Vojenství
